Temperature,Light Intensity,Relative Humidity,Favourable/Unfavourable
17,185,67,1
39,142,79,0
20,181,70,1
28,158,57,0
26,191,69,1
30,146,79,0
30,149,75,0
20,197,68,1
20,187,70,1
22,187,73,1
25,178,69,1
25,186,64,1
18,199,71,1
16,169,74,1
21,176,67,1
27,135,68,0
38,132,67,0
37,164,63,0
25,195,68,1
32,169,70,0
38,134,62,0
23,179,58,0
24,193,73,1
25,170,62,1
27,136,62,0
37,179,74,0
16,174,62,1
16,191,61,1
37,158,68,0
32,162,79,0
28,140,70,0
38,136,60,0
16,197,74,1
20,184,67,1
24,162,70,0
37,168,69,0
21,169,71,1
23,165,70,1
18,191,71,1
24,199,71,1
23,173,75,1
22,167,68,1
29,143,57,0
28,144,77,0
27,180,74,1
21,175,74,1
21,197,63,1
19,183,73,1
24,144,78,0
28,184,69,1
37,169,55,0
26,189,70,1
38,147,61,0
37,178,76,0
33,142,74,0
21,169,74,1
26,170,65,1
21,198,74,1
37,164,61,0
17,184,72,1
25,176,59,0
27,172,74,1
16,170,63,1
35,157,67,0
25,142,63,0
28,158,64,0
29,135,67,0
35,161,73,0
24,160,72,0
23,169,67,1
27,172,60,1
23,161,70,0
39,135,70,0
35,168,65,0
30,160,72,0
28,178,62,1
24,141,67,0
33,153,66,0
21,186,66,1
31,158,68,0
25,186,69,1
16,177,64,1
23,168,61,1
26,163,68,0
28,175,62,1
27,173,63,1
22,197,69,1
23,192,71,1
29,156,62,0
25,188,65,1
33,169,56,0
23,182,67,1
22,194,74,1
27,183,70,1
32,175,58,0
36,132,76,0
29,177,67,1
39,179,63,0
18,198,66,1
19,175,62,1
21,172,74,1
34,164,67,0
27,189,67,1
39,170,77,0
18,183,71,1
20,194,64,1
28,187,72,1
26,183,69,1
27,174,62,1
22,199,69,1
37,147,59,0
34,156,55,0
18,179,70,1
18,179,70,1
25,148,68,0
38,141,55,0
34,141,62,0
26,133,72,0
27,187,64,1
34,168,62,0
29,144,66,0
26,187,65,1
25,166,70,1
17,198,69,1
20,185,67,1
36,135,64,0
24,177,61,1
32,141,75,0
27,158,73,0
28,163,76,0
30,160,68,0
25,175,74,1
28,182,61,1
39,177,75,0
17,171,72,1
29,199,74,1
31,152,71,0
23,175,79,0
27,174,68,1
37,161,62,0
27,173,70,1
28,144,55,0
27,137,60,0
35,173,65,0
19,188,68,1
18,172,74,1
19,174,69,1
23,144,74,0
18,196,66,1
22,180,70,1
22,187,73,1
35,135,60,0
34,135,60,0
29,161,57,0
37,173,68,0
17,180,74,1
26,199,63,1
33,135,71,0
35,157,67,0
30,152,60,0
27,199,71,1
38,163,62,0
17,193,65,1
26,188,61,1
24,157,76,0
29,167,74,1
36,179,68,0
23,151,66,0
23,151,68,0
31,142,67,0
38,169,70,0
21,196,63,1
23,194,62,1
34,155,65,0
20,191,65,1
39,168,67,0
20,181,72,1
39,152,64,0
33,154,74,0
24,169,74,1
16,197,62,1
33,158,56,0
26,174,69,1
19,182,71,1
28,198,70,1
24,186,71,1
28,184,73,1
33,151,76,0
27,134,77,0
25,168,79,0
20,182,64,1
31,149,71,0
16,182,70,1
24,178,74,1
39,178,60,0
22,166,69,1
28,167,56,0
25,137,75,0
24,162,69,0
27,168,73,1
23,171,73,1
18,197,65,1
28,173,74,1
27,166,70,1
22,189,74,1
28,167,71,1
24,150,69,0
16,184,67,1
25,160,56,0
37,166,72,0
22,189,61,1
28,138,74,0
20,173,67,1
25,133,65,0
21,191,61,1
18,173,74,1
36,135,60,0
24,170,61,1
30,141,67,0
28,152,56,0
20,185,66,1
16,175,64,1
35,155,77,0
23,141,79,0
29,164,64,0
30,141,75,0
29,171,66,1
38,161,63,0
37,158,78,0
17,172,72,1
16,187,73,1
33,144,63,0
27,168,69,1
36,143,70,0
27,172,66,1
26,191,62,1
39,165,73,0
17,187,63,1
26,185,74,1
24,163,78,0
34,179,55,0
26,151,60,0
19,170,72,1
24,196,68,1
18,169,71,1
22,193,70,1
29,189,73,1
23,171,64,1
25,163,63,0
19,181,68,1
27,135,69,0
27,177,79,0
29,153,76,0
21,170,62,1
35,165,58,0
19,197,71,1
23,188,72,1
26,176,64,1
26,177,66,1
27,172,71,1
31,175,61,0
38,137,71,0
29,162,65,0
21,174,63,1
21,176,64,1
25,168,77,0
30,173,69,0
26,177,67,1
25,143,65,0
24,167,68,1
37,135,71,0
39,162,60,0
29,173,68,1
28,168,78,0
38,170,66,0
26,164,64,0
26,196,65,1
36,142,66,0
32,154,58,0
35,145,60,0
29,172,73,1
31,177,62,0
20,172,70,1
26,177,64,1
28,176,64,1
25,166,67,1
35,165,60,0
35,163,57,0
18,182,74,1
27,196,69,1
24,158,68,0
28,173,64,1
17,185,69,1
39,167,72,0
26,179,74,1
39,158,68,0
28,151,71,0
18,198,72,1
27,135,64,0
39,167,63,0
37,133,57,0
29,192,74,1
28,147,74,0
20,186,68,1
20,198,65,1
16,192,67,1
19,171,63,1
28,195,61,1
36,157,64,0
24,134,73,0
30,175,63,0
17,181,70,1
22,178,68,1
31,136,66,0
26,142,73,0
28,183,61,1
37,146,60,0
27,179,64,1
28,142,70,0
18,181,74,1
39,176,67,0
16,167,63,1
32,134,70,0
37,137,56,0
17,181,71,1
21,192,61,1
23,188,65,1
29,177,61,1
36,167,77,0
39,142,59,0
35,132,69,0
36,134,72,0
25,151,68,0
24,176,60,1
27,167,70,1
30,134,78,0
26,163,56,0
26,139,62,0
25,166,73,1
21,173,68,1
33,165,57,0
28,171,70,1
27,157,60,0
26,173,67,1
39,144,72,0
30,143,55,0
28,143,74,0
35,139,63,0
29,156,64,0
27,177,66,1
23,188,72,1
25,172,71,1
18,178,66,1
29,199,73,1
27,132,67,0
23,189,74,1
21,189,62,1
34,150,65,0
23,154,77,0
31,173,69,0
29,185,70,1
19,178,65,1
26,184,73,1
33,146,60,0
39,173,77,0
17,191,73,1
17,171,68,1
28,161,59,0
25,174,64,1
22,194,68,1
36,151,62,0
19,194,70,1
16,180,66,1
17,193,68,1
28,177,58,0
37,132,61,0
22,181,71,1
35,172,74,0
18,191,66,1
37,146,59,0
25,171,71,1
25,187,72,1
39,156,71,0
22,174,66,1
27,154,70,0
29,147,64,0
36,171,75,0
26,169,63,1
29,163,56,0
34,144,78,0
25,174,79,0
26,148,58,0
23,134,67,0
25,181,71,1
20,167,70,1
25,188,65,1
23,159,58,0
23,177,70,1
27,177,71,1
24,188,72,1
23,165,74,1
29,170,67,1
34,160,75,0
18,179,66,1
26,153,77,0
31,168,70,0
20,174,64,1
26,132,79,0
29,162,59,0
28,165,61,1
19,183,72,1
26,169,69,1
29,154,60,0
25,182,72,1
22,190,67,1
37,133,56,0
16,193,62,1
22,170,63,1
25,135,71,0
35,149,72,0
31,176,72,0
38,176,73,0
24,182,68,1
27,147,57,0
28,198,73,1
24,189,67,1
21,188,71,1
26,171,76,0
37,178,71,0
24,172,63,1
21,191,72,1
23,181,64,1
26,190,61,1
17,193,69,1
23,150,79,0
29,171,61,1
21,196,69,1
36,165,74,0
35,169,76,0
31,179,65,0
31,142,59,0
20,194,66,1
17,198,71,1
26,143,58,0
29,172,69,1
28,167,74,1
24,184,66,1
36,142,75,0
31,179,63,0
27,178,67,1
38,136,75,0
26,179,71,1
16,193,70,1
24,182,68,1
34,169,64,0
36,161,76,0
35,163,55,0
25,145,56,0
27,186,70,1
31,164,74,0
35,171,57,0
22,192,71,1
31,165,56,0
23,167,74,1
17,199,71,1
30,155,59,0
25,173,56,0
39,175,74,0
21,194,69,1
20,181,70,1
26,190,71,1
24,176,64,1
33,157,73,0
31,167,58,0
31,161,68,0
37,150,73,0
36,155,61,0
25,141,72,0
20,171,69,1
27,151,69,0
28,192,69,1
30,133,59,0
38,162,62,0
39,148,55,0
35,169,73,0
19,175,64,1
36,160,73,0
34,145,68,0
20,197,71,1
19,182,63,1
25,167,61,1
30,171,67,0
33,168,60,0
38,136,68,0
19,186,71,1
33,173,77,0
39,144,71,0
26,171,72,1
28,166,69,1
33,156,77,0
24,170,78,0
35,164,78,0
29,167,56,0
19,195,72,1
19,186,69,1
32,156,70,0
24,173,60,1
20,191,67,1
25,188,65,1
36,179,73,0
23,140,62,0
34,169,79,0
35,162,57,0
22,187,70,1
18,175,63,1
39,136,63,0
25,138,68,0
26,167,70,1
20,185,73,1
32,179,58,0
37,173,64,0
28,196,62,1
28,154,63,0
35,156,74,0
17,197,65,1
16,185,70,1
20,168,73,1
38,168,65,0
20,167,61,1
25,160,65,0
37,157,72,0
38,161,79,0
23,153,71,0
16,190,65,1
20,175,67,1
39,152,60,0
25,185,66,1
22,197,63,1
25,195,74,1
24,183,62,1
29,140,57,0
30,144,76,0
29,146,69,0
32,159,57,0
38,152,66,0
26,147,77,0
24,197,67,1
38,154,77,0
17,177,67,1
37,152,79,0
38,177,66,0
23,178,71,1
23,143,57,0
29,185,73,1
16,192,63,1
23,155,66,0
30,159,77,0
24,175,61,1
23,193,74,1
19,182,67,1
26,146,72,0
28,188,65,1
28,141,76,0
26,180,65,1
34,132,67,0
23,162,64,0
24,169,62,1
16,182,66,1
29,184,73,1
18,166,67,1
28,198,68,1
36,168,55,0
36,155,62,0
32,154,76,0
34,172,76,0
23,196,67,1
37,153,77,0
30,137,58,0
18,194,66,1
29,150,68,0
34,151,56,0
23,177,62,1
19,199,67,1
27,175,71,1
28,186,62,1
25,172,56,0
35,136,71,0
35,161,60,0
28,151,67,0
27,151,77,0
21,188,68,1
35,158,77,0
35,143,78,0
38,178,79,0
21,174,73,1
19,176,64,1
36,176,73,0
18,188,64,1
23,170,69,1
39,140,74,0
18,197,70,1
25,177,71,1
27,175,74,1
29,170,56,0
20,175,66,1
16,189,68,1
31,153,77,0
35,177,70,0
23,187,68,1
36,135,62,0
24,176,61,1
37,163,68,0
28,180,72,1
32,137,66,0
29,186,71,1
20,184,64,1
19,176,68,1
39,169,71,0
22,190,69,1
32,142,68,0
28,146,69,0
32,144,66,0
27,177,66,1
29,173,73,1
28,157,72,0
35,135,69,0
29,167,62,1
39,155,64,0
18,170,70,1
22,187,69,1
31,151,68,0
39,172,72,0
26,143,57,0
22,188,62,1
26,153,78,0
28,134,72,0
26,186,68,1
27,169,71,1
30,163,61,0
23,171,76,0
38,158,72,0
28,174,67,1
17,166,64,1
31,159,60,0
36,173,57,0
27,180,68,1
31,149,73,0
28,181,61,1
26,183,67,1
38,134,55,0
26,166,68,1
26,195,65,1
23,168,73,1
33,156,68,0
36,157,59,0
27,151,74,0
31,154,56,0
39,146,74,0
27,160,71,0
27,186,71,1
38,165,66,0
17,193,65,1
35,152,68,0
26,132,69,0
23,139,63,0
30,163,74,0
18,185,71,1
35,148,56,0
31,175,60,0
26,192,66,1
39,172,60,0
29,170,74,1
24,168,61,1
27,154,66,0
23,184,68,1
22,169,69,1
29,146,77,0
36,147,75,0
24,175,74,1
25,183,72,1
32,132,59,0
33,157,69,0
30,158,75,0
32,153,68,0
34,151,71,0
34,151,78,0
18,173,67,1
22,192,62,1
23,188,64,1
27,144,68,0
34,152,60,0
27,178,68,1
26,174,74,1
29,165,60,1
29,175,67,1
27,164,71,0
29,191,74,1
22,195,64,1
24,182,70,1
36,176,55,0
23,186,68,1
26,185,61,1
20,169,70,1
22,185,62,1
26,158,77,0
21,193,67,1
39,177,61,0
17,176,68,1
26,155,65,0
28,181,61,1
17,170,66,1
18,187,70,1
20,181,65,1
23,139,59,0
32,173,57,0
26,188,62,1
25,169,66,1
22,180,67,1
22,182,63,1
28,188,62,1
21,184,66,1
21,174,71,1
18,179,65,1
30,173,77,0
29,166,71,1
34,134,71,0
37,157,58,0
25,184,67,1
29,166,56,0
25,180,74,1
37,139,69,0
34,161,70,0
28,157,73,0
25,182,63,1
24,188,68,1
32,179,79,0
30,142,75,0
22,171,67,1
35,147,57,0
22,183,68,1
24,171,63,1
24,153,71,0
25,168,65,1
21,181,62,1
23,171,63,1
16,193,66,1
24,184,68,1
29,138,63,0
27,173,66,1
18,166,66,1
29,172,70,1
24,193,61,1
33,153,65,0
38,178,58,0
29,141,69,0
28,141,61,0
20,180,66,1
27,134,61,0
36,154,58,0
37,178,61,0
38,143,69,0
36,155,65,0
20,196,67,1
19,169,72,1
32,136,73,0
20,176,62,1
31,140,77,0
24,154,62,0
28,198,65,1
36,140,62,0
33,136,60,0
39,176,65,0
35,142,63,0
23,167,62,1
23,190,66,1
25,160,76,0
33,165,57,0
24,141,59,0
24,167,60,1
29,199,62,1
27,138,56,0
29,163,76,0
17,193,65,1
36,142,75,0
30,169,68,0
20,166,65,1
16,175,73,1
29,175,68,1
22,196,70,1
29,160,73,0
29,196,68,1
19,190,66,1
38,172,61,0
21,173,72,1
28,168,78,0
27,171,61,1
24,166,61,1
26,147,73,0
22,186,74,1
32,133,67,0
28,195,65,1
37,138,69,0
31,154,63,0
29,174,61,1
35,168,74,0
19,192,74,1
24,157,70,0
36,173,71,0
28,174,68,1
20,176,70,1
24,145,75,0
28,133,62,0
25,151,74,0
21,176,61,1
19,199,63,1
33,176,61,0
34,148,73,0
17,174,72,1
17,192,70,1
35,132,72,0
26,191,68,1
36,132,69,0
17,168,65,1
26,178,74,1
32,156,65,0
18,175,69,1
29,190,66,1
22,173,67,1
19,173,70,1
26,167,62,1
17,183,66,1
23,159,67,0
25,147,69,0
31,146,67,0
22,178,73,1
21,182,64,1
36,150,67,0
28,197,61,1
29,135,58,0
25,165,63,1
23,132,61,0
22,186,65,1
17,193,65,1
29,166,60,1
16,187,62,1
19,166,66,1
28,172,66,1
19,187,68,1
16,189,67,1
37,134,66,0
36,157,68,0
38,172,64,0
18,171,74,1
17,171,70,1
26,179,64,1
17,195,64,1
29,174,64,1
28,141,71,0
26,166,71,1
39,132,65,0
37,151,64,0
26,175,71,1
28,181,69,1
18,177,65,1
27,180,62,1
23,164,76,0
28,185,63,1
31,178,58,0
29,178,69,1
28,186,68,1
28,177,74,1
27,196,71,1
38,136,79,0
18,197,62,1
21,181,66,1
30,138,58,0
28,191,63,1
35,171,57,0
21,177,66,1
29,197,70,1
36,168,62,0
28,153,58,0
28,150,76,0
27,166,66,1
28,179,72,1
34,139,71,0
24,194,70,1
39,150,59,0
24,161,67,0
32,169,71,0
28,183,73,1
17,194,65,1
39,174,68,0
27,176,63,1
32,158,64,0
30,145,59,0
34,171,72,0
21,198,71,1
27,144,59,0
26,191,69,1
23,154,59,0
16,181,69,1
27,173,73,1
31,145,55,0
24,138,67,0
32,166,72,0
25,181,71,1
36,134,61,0
23,177,66,1
30,134,64,0
28,171,63,1
26,166,61,1
24,180,74,1
36,161,72,0
26,176,66,1
30,133,74,0
26,180,72,1
27,143,66,0
17,177,65,1
23,172,56,0
19,175,67,1
32,170,59,0
39,157,73,0
28,170,75,1
29,162,58,0
28,158,65,0
38,167,74,0
32,168,58,0
28,167,73,1
36,166,58,0
25,167,77,0
25,144,58,0
23,148,71,0
37,170,68,0
35,171,75,0
33,171,64,0
23,174,74,1
18,188,69,1
24,177,58,0
24,159,68,0
29,172,67,1
27,199,69,1
34,140,77,0
20,181,64,1
25,190,67,1
17,188,65,1
29,191,63,1
21,193,71,1
39,177,78,0
21,175,61,1
24,134,56,0
18,173,64,1
24,168,62,1
17,185,71,1
28,178,69,1
32,169,58,0
29,170,61,1
29,166,72,1
24,179,66,1
25,178,73,1
27,187,73,1
28,139,66,0
35,138,70,0
39,132,68,0
21,174,74,1
38,132,68,0
34,151,75,0
32,154,58,0
38,163,59,0
35,156,76,0
22,182,73,1
22,196,67,1
32,135,60,0
21,191,63,1
38,162,64,0
25,198,74,1
31,139,66,0
24,162,66,0
16,189,65,1
16,170,73,1
20,179,69,1
26,162,68,0
20,194,63,1
26,182,74,1
18,186,73,1
27,172,72,1
28,190,66,1
27,192,71,1
29,137,57,0
26,173,66,1
23,170,71,1
29,185,70,1
27,134,58,0
26,199,70,1
16,178,69,1
29,172,69,1
29,166,70,1
31,148,60,0
39,160,76,0
24,194,72,1
37,137,77,0
29,176,68,1
21,181,63,1
25,197,72,1
24,183,62,1
32,134,63,0
30,143,78,0
19,166,70,1
20,172,70,1
24,144,76,0
23,186,64,1
17,167,64,1
35,141,69,0
19,193,71,1
26,166,70,1
30,176,66,0
22,170,62,1
35,173,67,0
24,189,74,1
16,189,74,1
24,152,68,0
28,185,65,1
28,181,62,1
29,145,74,0
21,170,64,1
18,192,68,1
25,188,69,1
27,168,66,1
27,189,67,1
16,171,70,1
16,172,65,1
22,196,74,1
31,142,62,0
33,146,74,0
29,192,71,1
23,179,62,1
39,164,64,0
28,153,78,0
16,192,62,1
24,174,62,1
31,162,65,0
28,185,74,1
32,148,58,0
28,168,67,1
23,168,61,1
29,192,64,1
24,149,78,0
17,177,69,1
25,174,65,1
37,148,77,0
26,186,61,1
16,197,67,1
18,177,66,1
25,168,56,0
17,189,69,1
21,188,61,1
24,145,64,0
26,175,72,1
25,181,61,1
39,163,67,0
28,164,70,0
20,182,71,1
23,172,69,1
27,171,65,1
16,180,62,1
23,173,62,1
18,198,63,1
38,144,57,0
16,168,61,1
29,197,71,1
21,175,68,1
18,175,66,1
31,150,66,0
39,147,69,0
22,179,66,1
26,186,63,1
29,188,66,1
34,136,58,0
16,194,67,1
28,137,66,0
26,176,63,1
25,168,61,1
16,171,74,1
27,163,67,0
28,181,71,1
26,187,61,1
34,155,69,0
38,160,67,0
21,180,61,1
38,152,78,0
31,141,71,0
37,152,58,0
38,142,67,0
17,166,67,1
19,168,69,1
25,173,63,1
20,199,71,1
22,179,63,1
39,179,77,0
28,182,70,1
17,195,74,1
25,170,65,1
27,175,68,1
27,187,74,1
27,161,77,0
34,145,68,0
26,140,62,0
28,168,66,1
23,168,66,1
26,195,73,1
19,167,74,1
28,172,68,1
31,155,74,0
19,187,66,1
24,149,66,0
27,144,74,0
18,184,74,1
23,163,71,0
27,181,74,1
17,178,63,1
29,175,72,1
23,187,72,1
26,149,63,0
34,178,62,0
21,170,74,1
24,196,65,1
20,180,70,1
29,169,71,1
28,183,67,1
23,171,79,0
33,173,67,0
35,133,66,0
34,150,68,0
24,154,72,0
17,195,64,1
38,148,74,0
38,163,58,0
22,182,74,1
33,146,73,0
36,157,56,0
24,152,56,0
24,186,73,1
29,178,68,1
17,194,72,1
18,175,67,1
19,173,67,1
24,135,59,0
31,139,64,0
38,137,71,0
38,172,73,0
27,190,63,1
23,172,66,1
26,177,61,1
16,175,63,1
21,171,64,1
34,178,57,0
28,154,69,0
34,143,63,0
23,197,63,1
16,183,63,1
23,168,57,0
27,172,68,1
36,162,56,0
25,148,61,0
37,167,71,0
37,165,67,0
17,188,68,1
31,143,74,0
23,195,62,1
27,179,67,1
23,166,69,1
27,191,68,1
38,147,78,0
39,165,56,0
28,177,69,1
30,146,57,0
22,196,66,1
26,171,71,1
28,199,70,1
24,169,57,0
28,190,74,1
23,172,72,1
29,171,64,1
28,135,60,0
26,194,69,1
24,180,73,1
35,150,78,0
17,174,70,1
31,179,59,0
29,136,79,0
33,175,71,0
23,164,70,0
26,169,68,1
20,176,72,1
25,147,74,0
22,196,63,1
27,176,61,1
26,150,76,0
28,148,60,0
20,183,68,1
25,146,70,0
31,138,67,0
31,166,69,0
21,186,66,1
33,169,57,0
36,178,68,0
28,175,64,1
24,134,64,0
23,132,77,0
26,198,62,1
35,145,65,0
23,132,67,0
29,136,67,0
26,199,72,1
33,150,63,0
22,179,67,1
27,182,67,1
29,171,61,1
18,173,64,1
17,180,69,1
26,163,65,0
29,148,76,0
16,178,70,1
30,143,58,0
17,195,67,1
24,182,71,1
29,167,70,1
36,164,78,0
29,163,66,0
27,134,59,0
26,168,62,1
29,191,62,1
25,182,70,1
27,185,68,1
25,189,68,1
19,170,64,1
32,161,63,0
31,149,77,0
32,143,62,0
23,176,71,1
25,179,70,1
19,168,62,1
36,177,63,0
37,172,64,0
27,148,59,0
26,189,70,1
29,143,75,0
27,146,58,0
25,172,78,0
26,171,70,1
26,176,75,1
27,138,68,0
16,188,61,1
30,151,72,0
36,166,67,0
23,138,69,0
31,178,76,0
19,168,62,1
19,169,72,1
25,138,65,0
28,146,78,0
30,148,57,0
23,181,66,1
23,143,66,0
16,172,67,1
22,188,67,1
29,155,71,0
26,159,63,0
27,193,68,1
39,146,59,0
36,167,57,0
25,182,70,1
36,138,70,0
39,142,64,0
33,162,73,0
26,185,62,1
33,158,74,0
24,191,67,1
23,175,57,0
33,132,66,0
30,172,77,0
23,135,79,0
22,169,74,1
20,173,68,1
29,150,58,0
29,181,71,1
19,173,67,1
34,160,68,0
27,146,75,0
29,196,74,1
16,180,63,1
28,194,72,1
19,180,67,1
23,187,66,1
38,145,64,0
28,167,63,1
31,166,55,0
30,138,55,0
19,192,72,1
24,159,58,0
20,194,66,1
31,143,67,0
34,166,62,0
30,165,59,0
26,163,68,0
28,188,65,1
25,169,70,1
36,162,60,0
23,144,69,0
19,178,68,1
24,176,60,1
22,193,74,1
23,169,62,1
24,195,65,1
29,171,65,1
27,191,67,1
32,132,60,0
29,167,63,1
25,152,57,0
24,140,76,0
19,166,62,1
28,165,78,0
27,140,72,0
32,162,58,0
22,181,65,1
33,142,58,0
28,154,63,0
24,170,55,0
31,137,57,0
37,150,63,0
24,135,70,0
29,148,59,0
21,193,69,1
25,179,74,1
21,196,65,1
24,184,61,1
22,196,72,1
25,199,64,1
38,175,60,0
20,175,73,1
23,183,70,1
28,132,79,0
38,150,69,0
32,176,74,0
36,132,66,0
27,169,70,1
20,196,72,1
39,151,71,0
25,141,73,0
24,172,72,1
25,173,63,1
20,171,64,1
32,164,67,0
35,169,67,0
30,138,60,0
26,174,62,1
21,177,63,1
28,183,74,1
29,145,78,0
38,132,55,0
28,197,63,1
32,177,67,0
24,163,55,0
24,185,73,1
25,143,79,0
23,134,71,0
18,175,61,1
26,199,67,1
38,135,65,0
23,191,74,1
20,184,66,1
29,143,55,0
27,199,64,1
22,166,71,1
18,191,74,1
20,191,65,1
39,157,62,0
29,162,57,0
38,174,70,0
25,177,70,1
28,191,72,1
17,188,70,1
25,175,73,1
19,197,62,1
25,139,73,0
28,154,59,0
30,156,72,0
22,199,66,1
26,192,67,1
29,185,70,1
28,160,67,0
33,175,58,0
21,172,63,1
24,191,63,1
36,142,66,0
39,144,71,0
27,180,74,1
28,168,62,1
33,170,63,0
17,169,72,1
25,170,69,1
25,176,70,1
25,166,65,1
32,151,68,0
33,168,63,0
36,155,71,0
27,179,68,1
23,157,64,0
20,194,73,1
21,174,61,1
36,159,55,0
34,177,65,0
27,192,64,1
28,171,65,1
38,156,55,0
34,170,57,0
23,167,64,1
25,160,56,0
21,194,65,1
29,146,74,0
28,171,63,1
36,160,69,0
28,152,68,0
16,169,67,1
30,176,78,0
18,189,70,1
23,171,62,1
27,193,64,1
21,179,72,1
18,195,64,1
38,156,79,0
38,141,79,0
20,169,63,1
19,169,74,1
24,175,71,1
24,145,77,0
28,180,71,1
24,180,68,1
24,181,67,1
23,167,67,1
21,167,70,1
27,178,68,1
22,186,74,1
20,192,68,1
28,148,72,0
34,137,60,0
23,194,63,1
37,161,62,0
24,152,66,0
35,158,71,0
36,160,55,0
35,154,55,0
39,147,79,0
16,186,70,1
28,193,70,1
24,148,72,0
22,185,66,1
33,138,55,0
29,170,61,1
36,170,71,0
29,150,68,0
26,154,63,0
35,169,64,0
23,176,64,1
39,136,61,0
38,136,67,0
28,167,64,1
23,141,59,0
25,188,74,1
18,167,63,1
37,134,64,0
25,173,79,0
28,163,56,0
28,181,62,1
22,199,73,1
23,167,70,1
20,171,71,1
26,177,71,1
32,174,73,0
39,132,66,0
26,138,59,0
27,161,79,0
18,194,72,1
16,176,61,1
26,169,68,1
26,156,69,0
17,180,67,1
31,137,79,0
21,188,68,1
23,182,70,1
19,179,69,1
18,181,66,1
19,192,61,1
17,188,62,1
27,172,71,1
21,188,63,1
28,172,66,1
35,168,76,0
28,133,60,0
26,150,67,0
34,138,68,0
24,195,63,1
23,185,68,1
24,191,72,1
16,190,64,1
31,137,70,0
38,169,77,0
28,192,72,1
26,168,67,1
22,190,69,1
35,137,76,0
38,166,62,0
33,137,62,0
23,140,62,0
27,180,72,1
18,191,62,1
17,181,68,1
25,173,62,1
18,172,73,1
36,177,65,0
29,169,73,1
25,152,58,0
24,176,57,0
39,153,58,0
23,178,63,1
36,178,57,0
25,173,62,1
30,170,63,0
26,163,73,0
35,152,63,0
38,144,79,0
24,181,69,1
32,166,57,0
17,192,63,1
18,180,65,1
30,132,62,0
25,135,73,0
17,188,67,1
24,157,55,0
28,189,67,1
19,167,67,1
24,156,77,0
27,175,63,1
24,174,70,1
27,154,61,0
24,173,63,1
22,166,62,1
24,171,62,1
36,150,60,0
29,192,72,1
35,137,58,0
32,175,72,0
32,136,73,0
28,150,73,0
24,154,70,0
23,172,72,1
34,179,79,0
23,155,59,0
31,133,72,0
30,157,68,0
34,161,60,0
28,132,57,0
38,133,62,0
38,165,76,0
18,175,72,1
23,173,63,1
18,170,66,1
26,146,61,0
34,146,67,0
24,171,59,0
20,173,69,1
26,193,72,1
24,176,72,1
26,179,58,0
22,171,69,1
30,159,78,0
23,187,61,1
22,177,74,1
20,199,61,1
21,179,71,1
20,199,63,1
32,151,57,0
29,169,70,1
25,152,57,0
28,198,71,1
39,132,70,0
24,132,59,0
19,185,73,1
26,193,74,1
26,167,77,0
17,177,70,1
26,185,62,1
25,132,74,0
33,133,59,0
28,176,63,1
33,151,79,0
38,133,68,0
25,172,67,1
27,177,71,1
39,135,64,0
34,149,79,0
26,195,70,1
37,144,60,0
28,170,71,1
23,159,62,0
34,178,56,0
22,184,72,1
28,160,65,0
26,197,67,1
18,187,61,1
20,192,73,1
28,166,61,1
26,187,69,1
26,172,68,1
31,155,67,0
37,154,65,0
22,199,64,1
17,168,61,1
23,162,64,0
29,136,64,0
22,168,65,1
24,194,72,1
27,170,62,1
22,185,69,1
18,177,68,1
35,155,64,0
31,152,79,0
27,160,59,0
21,168,72,1
20,189,73,1
16,173,71,1
32,177,65,0
19,183,65,1
29,170,73,1
19,180,61,1
33,146,74,0
19,175,64,1
17,180,69,1
17,184,66,1
17,170,71,1
21,183,61,1
28,141,61,0
17,168,67,1
39,174,73,0
28,172,64,1
37,169,55,0
29,154,61,0
29,152,69,0
21,166,62,1
17,191,64,1
36,165,69,0
23,155,60,0
27,191,72,1
19,199,71,1
28,168,72,1
28,192,63,1
18,174,67,1
27,196,63,1
29,198,72,1
32,137,60,0
21,176,62,1
25,161,73,0
21,170,62,1
20,184,68,1
38,146,79,0
36,133,79,0
20,183,74,1
26,161,67,0
27,168,66,1
21,179,71,1
22,189,74,1
36,141,56,0
29,173,69,1
23,175,70,1
28,179,63,1
37,153,62,0
27,169,55,0
19,195,64,1
19,185,70,1
33,159,72,0
30,145,73,0
19,198,66,1
30,134,67,0
20,190,70,1
31,174,75,0
23,199,66,1
36,172,65,0
25,195,64,1
21,186,72,1
23,194,64,1
18,178,67,1
26,160,77,0
27,198,73,1
26,174,71,1
16,172,64,1
29,169,70,1
37,179,66,0
22,167,71,1
38,165,56,0
21,182,61,1
27,175,69,1
35,150,57,0
17,185,69,1
22,170,63,1
23,156,60,0
26,174,66,1
24,192,62,1
16,183,63,1
34,152,65,0
24,188,62,1
27,133,59,0
27,198,62,1
27,154,64,0
20,167,64,1
39,155,56,0
26,184,69,1
36,158,56,0
25,167,69,1
26,173,61,1
29,162,55,0
19,167,65,1
19,176,62,1
23,141,55,0
26,178,70,1
19,168,71,1
32,164,78,0
23,173,65,1
28,186,64,1
29,152,78,0
38,148,64,0
23,178,77,0
22,183,65,1
28,194,61,1
28,181,74,1
26,170,62,1
23,158,60,0
22,192,63,1
23,196,61,1
27,146,70,0
27,191,65,1
17,189,69,1
38,175,69,0
20,189,69,1
18,167,70,1
18,196,69,1
18,166,68,1
33,166,71,0
25,152,56,0
34,145,68,0
34,166,66,0
16,192,62,1
39,158,67,0
31,137,68,0
31,164,70,0
38,153,66,0
19,180,74,1
27,173,71,1
38,150,69,0
19,183,68,1
33,153,63,0
35,133,55,0
19,194,64,1
26,178,62,1
25,177,74,1
24,160,72,0
16,168,72,1
26,166,66,1
27,176,69,1
20,181,65,1
29,195,63,1
28,172,63,1
35,143,76,0
38,134,76,0
29,190,69,1
17,197,61,1
35,152,66,0
18,182,65,1
25,156,75,0
24,182,66,1
29,194,71,1
30,159,55,0
38,135,57,0
39,143,68,0
21,170,70,1
33,157,60,0
17,185,65,1
35,144,62,0
23,167,64,1
21,175,67,1
23,147,62,0
39,150,74,0
30,134,79,0
33,142,77,0
34,138,68,0
18,194,61,1
27,155,64,0
26,136,61,0
27,137,58,0
23,186,72,1
38,161,63,0
26,154,76,0
28,135,71,0
33,166,78,0
36,148,66,0
18,168,63,1
29,196,69,1
33,149,64,0
37,154,55,0
25,180,71,1
28,199,65,1
31,151,65,0
37,139,70,0
20,194,65,1
29,198,73,1
35,135,78,0
30,161,59,0
23,171,71,1
25,134,70,0
37,144,62,0
24,172,55,0
25,167,55,0
26,158,67,0
20,170,66,1
20,171,66,1
27,167,69,1
37,169,65,0
32,161,69,0
36,165,78,0
20,169,73,1
35,152,75,0
27,180,67,1
26,184,68,1
19,182,65,1
28,173,61,1
29,187,66,1
29,159,68,0
32,139,72,0
19,197,74,1
36,179,61,0
32,179,63,0
18,198,69,1
36,158,72,0
27,197,65,1
35,150,71,0
16,187,66,1
33,141,66,0
26,169,67,1
37,171,62,0
20,174,66,1
18,195,62,1
20,198,69,1
16,187,66,1
28,176,69,1
31,176,57,0
20,170,68,1
25,152,57,0
32,176,78,0
16,199,71,1
28,158,72,0
39,164,72,0
19,187,74,1
32,156,72,0
32,175,73,0
18,189,72,1
31,135,56,0
31,150,78,0
28,144,67,0
26,190,63,1
22,184,70,1
37,148,79,0
32,173,66,0
38,148,72,0
28,179,72,1
30,152,60,0
33,160,66,0
28,133,58,0
35,159,65,0
23,146,62,0
27,158,71,0
16,170,62,1
19,194,62,1
32,145,60,0
33,169,70,0
20,174,62,1
27,176,71,1
25,160,71,0
22,177,61,1
18,180,71,1
19,168,72,1
37,143,59,0
21,174,74,1
36,175,62,0
31,162,74,0
28,174,61,1
23,167,72,1
30,146,74,0
23,156,69,0
20,193,66,1
24,151,57,0
31,139,79,0
35,162,65,0
36,144,61,0
29,147,71,0
36,172,55,0
32,162,56,0
34,136,56,0
39,151,59,0
18,196,69,1
36,139,79,0
28,186,66,1
21,169,61,1
19,182,61,1
34,154,79,0
21,195,69,1
27,170,72,1
23,190,68,1
24,145,71,0
29,173,62,1
27,194,65,1
35,173,76,0
29,145,55,0
20,166,63,1
20,179,65,1
30,165,58,0
34,151,75,0
25,143,71,0
34,172,65,0
23,189,66,1
28,172,62,1
34,150,66,0
18,184,72,1
21,191,73,1
37,158,69,0
23,198,62,1
18,198,66,1
17,171,67,1
23,179,74,1
34,143,58,0
19,193,74,1
26,154,72,0
34,143,56,0
16,178,72,1
39,150,64,0
23,135,75,0
16,184,73,1
26,164,70,0
26,134,72,0
27,181,70,1
26,191,71,1
17,182,68,1
38,136,66,0
30,163,65,0
23,140,79,0
27,163,75,0
26,138,67,0
30,169,66,0
19,174,66,1
19,194,65,1
36,156,62,0
21,175,64,1
28,185,68,1
28,178,69,1
28,149,75,0
23,143,74,0
32,178,71,0
20,173,62,1
23,166,67,1
30,154,77,0
27,179,67,1
28,159,76,0
38,146,71,0
24,168,66,1
36,150,79,0
28,140,72,0
27,191,72,1
34,133,78,0
34,134,60,0
23,192,67,1
32,160,77,0
20,178,65,1
24,186,66,1
29,133,71,0
21,172,66,1
29,175,63,1
18,179,63,1
23,178,79,0
29,190,69,1
29,166,64,1
16,182,62,1
30,142,79,0
21,190,70,1
16,192,66,1
23,182,63,1
27,179,56,0
30,150,61,0
33,170,63,0
16,176,66,1
23,142,65,0
25,180,68,1
29,174,56,0
25,179,74,1
32,157,76,0
25,175,64,1
38,133,57,0
28,134,77,0
18,173,67,1
23,189,66,1
19,176,74,1
37,150,60,0
34,151,66,0
28,180,68,1
38,177,77,0
27,169,70,1
24,169,72,1
34,136,60,0
23,176,71,1
20,195,73,1
19,198,72,1
23,151,57,0
20,194,64,1
21,166,64,1
35,163,75,0
33,153,61,0
34,178,66,0
29,188,67,1
18,192,63,1
37,145,71,0
38,177,71,0
29,141,55,0
19,190,71,1
29,164,65,0
32,151,67,0
23,178,73,1
21,196,69,1
32,146,59,0
21,180,69,1
17,188,67,1
20,192,68,1
25,136,69,0
35,147,77,0
17,183,65,1
34,144,60,0
31,169,60,0
25,194,65,1
17,187,73,1
20,198,70,1
19,192,74,1
31,152,56,0
17,190,74,1
27,176,64,1
21,178,68,1
18,197,70,1
35,169,72,0
31,165,59,0
18,167,67,1
33,132,70,0
38,149,55,0
25,156,71,0
24,185,69,1
16,187,67,1
35,156,78,0
19,187,67,1
23,179,69,1
36,142,69,0
17,178,74,1
39,173,71,0
36,149,75,0
35,144,55,0
35,136,67,0
25,180,70,1
32,146,71,0
27,146,62,0
23,171,71,1
16,188,70,1
29,137,69,0
31,147,56,0
16,195,71,1
28,168,75,1
25,186,68,1
27,192,66,1
34,174,55,0
24,168,66,1
30,144,64,0
39,165,78,0
20,188,68,1
25,156,67,0
29,138,65,0
22,178,67,1
21,172,61,1
35,133,56,0
23,176,57,0
20,196,71,1
24,167,70,1
27,194,71,1
21,183,62,1
29,184,73,1
37,160,72,0
22,193,62,1
25,170,66,1
37,149,79,0
24,144,79,0
37,155,70,0
19,172,69,1
27,176,67,1
39,175,58,0
26,148,62,0
32,162,75,0
17,172,62,1
24,183,69,1
16,189,61,1
32,162,73,0
27,169,72,1
39,174,72,0
23,169,65,1
29,143,73,0
25,150,78,0
23,167,67,1
16,176,63,1
22,199,70,1
24,187,63,1
22,172,72,1
23,170,63,1
24,136,64,0
31,175,56,0
25,167,79,0
29,195,65,1
27,195,64,1
20,177,62,1
28,172,61,1
36,135,69,0
19,170,70,1
32,165,78,0
28,179,61,1
20,195,68,1
20,192,71,1
38,132,72,0
35,148,55,0
23,181,66,1
33,161,72,0
23,177,56,0
22,183,70,1
26,191,69,1
22,177,66,1
18,197,67,1
23,134,74,0
16,185,63,1
18,189,72,1
33,158,57,0
18,193,73,1
36,139,67,0
23,148,56,0
36,163,76,0
33,135,78,0
27,134,67,0
37,168,63,0
26,196,61,1
26,170,68,1
24,138,69,0
18,199,74,1
28,155,72,0
23,144,63,0
17,192,63,1
37,155,60,0
39,172,57,0
38,171,76,0
23,178,66,1
21,176,66,1
38,159,77,0
29,169,66,1
33,140,62,0
19,171,69,1
18,169,64,1
34,179,67,0
29,180,71,1
30,144,61,0
28,144,79,0
29,143,72,0
17,191,73,1
29,179,61,1
24,148,76,0
29,197,71,1
21,179,65,1
29,158,73,0
23,199,64,1
28,185,74,1
37,156,61,0
16,188,66,1
28,177,74,1
20,199,61,1
37,156,59,0
24,171,66,1
20,180,63,1
22,182,70,1
31,169,76,0
27,172,60,1
33,147,67,0
18,187,65,1
24,169,64,1
19,168,64,1
31,144,67,0
37,144,71,0
22,194,74,1
28,191,63,1
38,160,67,0
27,179,65,1
18,180,68,1
24,190,73,1
28,179,77,0
25,172,61,1
28,193,66,1
37,164,69,0
36,151,62,0
33,160,71,0
19,170,64,1
18,192,64,1
34,169,65,0
28,153,57,0
28,183,64,1
37,152,79,0
26,175,62,1
20,167,67,1
26,166,57,0
19,166,61,1
26,177,71,1
21,170,74,1
26,133,60,0
28,166,61,1
22,174,65,1
17,185,66,1
29,167,64,1
21,185,70,1
33,137,73,0
18,179,62,1
34,177,56,0
31,144,57,0
19,170,66,1
24,182,68,1
22,190,65,1
30,137,64,0
33,145,60,0
33,144,71,0
23,159,67,0
39,159,58,0
36,176,63,0
28,173,71,1
24,173,73,1
29,142,67,0
26,178,71,1
26,154,64,0
27,166,59,0
24,167,69,1
24,177,66,1
29,164,55,0
19,193,69,1
39,155,77,0
19,197,68,1
25,186,74,1
24,179,63,1
24,158,75,0
29,167,75,1
30,166,77,0
27,197,69,1
20,169,74,1
28,169,59,0
37,143,76,0
39,145,59,0
21,189,70,1
27,166,73,1
33,159,70,0
33,163,68,0
36,179,65,0
24,178,65,1
32,154,75,0
18,191,67,1
32,171,59,0
34,143,61,0
22,173,67,1
19,169,73,1
26,154,72,0
17,176,61,1
24,180,71,1
26,159,64,0
27,173,68,1
21,175,71,1
27,168,72,1
27,194,71,1
30,137,58,0
19,180,65,1
26,185,68,1
25,188,63,1
27,183,68,1
23,164,75,0
38,168,75,0
23,166,66,1
18,175,73,1
30,162,70,0
19,175,74,1
21,178,65,1
28,172,61,1
39,154,57,0
38,133,68,0
24,163,68,0
25,179,66,1
24,146,69,0
37,166,61,0
29,156,68,0
20,188,65,1
31,138,58,0
33,171,73,0
21,168,70,1
26,186,65,1
35,159,58,0
39,151,56,0
29,159,61,0
28,194,72,1
22,172,65,1
25,150,57,0
39,150,73,0
16,177,63,1
29,195,65,1
25,186,62,1
24,133,61,0
26,148,61,0
27,196,63,1
26,197,63,1
22,177,72,1
23,168,69,1
22,197,71,1
18,169,72,1
29,191,66,1
32,150,57,0
26,137,63,0
26,192,74,1
29,148,79,0
36,133,59,0
25,157,67,0
29,156,67,0
36,156,79,0
24,180,65,1
27,187,71,1
25,192,70,1
34,158,61,0
23,172,67,1
30,146,62,0
22,172,65,1
25,191,61,1
38,155,73,0
36,175,73,0
17,192,62,1
16,175,64,1
33,174,58,0
26,188,73,1
16,182,71,1
32,173,58,0
35,136,68,0
28,187,69,1
38,159,72,0
30,142,56,0
27,174,65,1
20,169,72,1
36,139,66,0
17,193,68,1
25,173,71,1
19,185,62,1
35,163,64,0
35,175,73,0
25,187,69,1
35,152,66,0
38,159,78,0
19,190,66,1
27,198,68,1
37,163,69,0
28,173,64,1
17,178,71,1
21,173,66,1
21,190,62,1
29,172,70,1
21,167,66,1
27,164,62,0
37,152,68,0
36,176,60,0
18,184,70,1
28,169,65,1
24,151,65,0
22,197,70,1
26,167,71,1
24,151,64,0
17,168,70,1
38,140,79,0
30,152,58,0
30,149,69,0
22,176,62,1
38,153,60,0
24,137,61,0
20,184,70,1
26,140,76,0
23,186,70,1
24,154,63,0
27,186,63,1
24,172,68,1
34,169,79,0
25,153,58,0
23,142,64,0
23,196,71,1
28,178,63,1
21,192,62,1
24,178,62,1
27,177,65,1
28,167,58,0
22,177,71,1
21,187,67,1
23,196,62,1
29,172,69,1
18,190,64,1
16,167,63,1
17,171,71,1
17,190,61,1
19,183,63,1
23,182,71,1
16,169,69,1
27,173,70,1
29,166,70,1
23,177,64,1
16,180,74,1
29,182,68,1
28,197,70,1
28,177,61,1
25,172,71,1
23,175,60,1
32,162,79,0
23,152,70,0
27,167,73,1
31,178,56,0
25,166,71,1
29,171,64,1
24,181,66,1
22,195,72,1
27,194,70,1
37,176,57,0
22,197,73,1
25,163,55,0
25,151,64,0
38,141,64,0
38,152,67,0
38,159,73,0
18,180,66,1
28,132,65,0
25,163,56,0
21,194,63,1
23,176,79,0
27,143,72,0
31,156,59,0
24,175,65,1
30,174,70,0
31,157,56,0
27,194,69,1
27,178,63,1
16,185,61,1
16,180,71,1
26,185,63,1
36,159,62,0
27,195,63,1
27,186,73,1
18,192,74,1
35,178,72,0
37,163,74,0
38,161,65,0
36,132,76,0
22,171,71,1
23,197,62,1
29,183,72,1
29,174,77,0
18,173,70,1
34,140,73,0
20,195,61,1
27,174,70,1
23,195,63,1
31,151,59,0
29,181,71,1
35,154,76,0
36,159,71,0
26,189,72,1
32,150,67,0
16,196,71,1
16,180,74,1
20,178,64,1
32,153,58,0
29,188,65,1
30,168,66,0
28,154,79,0
27,167,71,1
23,177,65,1
29,146,64,0
21,189,65,1
26,180,74,1
24,143,72,0
38,174,55,0
34,170,56,0
27,178,70,1
25,178,74,1
36,143,70,0
38,175,56,0
35,154,60,0
22,188,66,1
18,177,61,1
16,196,72,1
24,195,67,1
26,189,62,1
21,190,66,1
30,162,73,0
24,169,72,1
22,166,67,1
24,199,67,1
34,173,72,0
36,136,75,0
23,167,61,1
24,183,68,1
26,147,61,0
34,145,58,0
26,164,71,0
28,167,62,1
29,190,72,1
31,170,70,0
34,164,61,0
26,170,64,1
16,182,61,1
25,188,65,1
29,166,63,1
25,187,72,1
21,168,73,1
19,183,65,1
26,173,77,0
27,169,55,0
19,170,69,1
24,174,59,0
27,193,68,1
26,155,69,0
30,164,73,0
16,169,63,1
26,146,69,0
28,178,74,1
23,191,73,1
26,146,57,0
36,171,56,0
21,170,66,1
35,138,74,0
20,183,61,1
25,151,75,0
20,172,73,1
22,182,63,1
26,178,73,1
28,172,66,1
29,138,62,0
20,180,63,1
27,151,57,0
16,170,66,1
32,156,77,0
30,151,61,0
32,133,61,0
25,179,73,1
27,194,70,1
35,159,75,0
35,150,64,0
29,198,72,1
35,164,64,0
23,197,74,1
26,170,68,1
20,195,66,1
34,138,56,0
25,141,76,0
38,170,59,0
27,173,71,1
24,162,66,0
28,176,68,1
24,172,71,1
17,168,72,1
18,188,62,1
20,183,73,1
16,171,62,1
32,134,72,0
20,188,64,1
16,170,61,1
27,178,70,1
30,137,59,0
28,133,71,0
29,172,63,1
25,184,73,1
32,149,62,0
28,189,74,1
36,149,56,0
34,137,62,0
35,161,77,0
22,180,69,1
35,175,60,0
23,147,68,0
25,183,61,1
36,171,58,0
23,171,74,1
17,191,73,1
26,195,67,1
35,174,58,0
20,169,68,1
22,185,64,1
23,195,61,1
28,145,71,0
25,184,65,1
29,146,60,0
25,194,64,1
21,189,73,1
33,158,55,0
37,172,70,0
33,160,68,0
33,139,59,0
26,166,73,1
27,186,68,1
20,197,64,1
17,177,69,1
36,143,77,0
27,173,56,0
27,167,67,1
28,168,74,1
26,144,75,0
28,173,69,1
19,195,70,1
26,190,65,1
19,185,62,1
33,135,55,0
23,155,55,0
23,172,64,1
27,175,64,1
25,177,74,1
21,169,67,1
24,152,79,0
29,175,68,1
25,177,70,1
28,185,69,1
37,143,59,0
26,192,63,1
18,190,68,1
25,197,70,1
34,155,56,0
35,160,62,0
25,132,75,0
35,141,68,0
23,192,74,1
24,179,67,1
25,168,55,0
19,169,68,1
29,173,68,1
27,160,59,0
29,160,69,0
26,134,68,0
28,172,72,1
17,191,73,1
27,178,64,1
20,177,69,1
26,164,64,0
39,149,75,0
28,154,73,0
25,185,69,1
18,184,70,1
30,132,63,0
27,172,72,1
30,164,71,0
24,168,73,1
25,146,67,0
24,179,64,1
23,167,69,1
23,174,72,1
19,190,73,1
34,147,69,0
29,193,71,1
37,135,69,0
29,192,64,1
29,185,67,1
26,177,74,1
39,168,69,0
30,151,55,0
23,171,63,1
23,174,71,1
27,186,72,1
29,181,74,1
22,194,69,1
19,183,73,1
28,178,67,1
18,169,65,1
36,173,76,0
24,175,63,1
21,172,69,1
24,175,70,1
25,175,73,1
32,159,69,0
23,196,64,1
24,177,67,1
18,174,70,1
29,186,72,1
25,173,62,1
27,190,61,1
21,190,72,1
19,176,72,1
28,186,71,1
28,177,70,1
29,139,61,0
23,137,76,0
22,169,67,1
19,196,62,1
33,132,60,0
25,148,73,0
39,170,69,0
32,152,58,0
27,169,63,1
22,166,64,1
25,170,57,0
31,171,62,0
34,149,61,0
18,175,68,1
39,175,56,0
32,150,63,0
33,145,79,0
37,145,62,0
31,170,61,0
25,168,68,1
37,159,65,0
29,172,65,1
27,148,59,0
29,141,78,0
38,142,63,0
22,182,74,1
27,140,60,0
35,138,61,0
26,196,66,1
18,177,66,1
36,132,79,0
29,185,68,1
18,199,70,1
23,172,63,1
24,179,74,1
25,191,61,1
22,196,68,1
30,149,68,0
29,198,70,1
16,193,66,1
39,168,62,0
26,149,58,0
28,142,58,0
26,179,65,1
26,167,67,1
22,181,70,1
24,167,69,1
19,171,71,1
29,156,66,0
23,190,66,1
26,166,77,0
27,158,66,0
37,152,56,0
18,183,63,1
26,173,72,1
29,178,70,1
22,182,68,1
35,137,70,0
24,169,63,1
19,182,63,1
39,163,77,0
22,172,68,1
25,190,62,1
25,133,58,0
24,156,64,0
26,170,71,1
31,171,77,0
24,182,68,1
19,198,63,1
22,166,68,1
36,138,75,0
31,134,75,0
32,151,77,0
17,195,67,1
30,175,57,0
36,150,66,0
21,168,69,1
37,161,56,0
31,161,69,0
32,176,73,0
31,170,67,0
18,171,61,1
31,172,55,0
28,166,67,1
26,183,70,1
20,180,68,1
25,135,65,0
33,159,58,0
21,175,70,1
20,193,68,1
27,144,78,0
34,159,71,0
36,179,73,0
18,178,65,1
30,171,65,0
16,176,68,1
24,174,67,1
33,160,68,0
23,174,77,0
16,168,63,1
28,191,70,1
18,167,68,1
27,181,63,1
35,168,72,0
35,166,62,0
29,193,66,1
18,178,73,1
26,184,74,1
27,170,56,0
19,190,70,1
37,134,79,0
25,197,61,1
23,171,57,0
24,154,61,0
38,155,68,0
27,142,71,0
25,175,73,1
32,159,65,0
35,156,62,0
32,160,61,0
19,196,64,1
39,172,60,0
16,180,71,1
29,195,68,1
29,164,57,0
29,168,63,1
27,167,68,1
30,138,77,0
37,134,69,0
27,171,67,1
22,187,69,1
33,168,70,0
16,167,66,1
33,154,69,0
38,148,61,0
25,168,70,1
37,134,65,0
28,156,65,0
38,168,77,0
37,175,56,0
34,178,59,0
22,180,65,1
36,176,79,0
29,175,67,1
35,176,62,0
18,194,62,1
31,139,58,0
37,174,58,0
27,198,67,1
21,185,71,1
23,187,62,1
26,166,66,1
35,166,67,0
29,187,69,1
28,175,62,1
25,178,62,1
23,180,67,1
27,148,74,0
33,160,67,0
24,174,69,1
23,187,70,1
27,198,70,1
16,167,70,1
23,170,76,0
37,169,64,0
35,147,70,0
29,159,70,0
27,194,72,1
39,149,68,0
27,180,66,1
27,179,75,1
26,176,63,1
27,151,76,0
26,169,57,0
27,135,72,0
33,141,61,0
26,153,63,0
19,195,67,1
38,157,76,0
16,177,61,1
24,187,63,1
17,181,71,1
19,170,66,1
17,170,73,1
29,181,68,1
31,176,75,0
35,142,68,0
29,179,69,1
26,132,67,0
23,138,55,0
31,146,61,0
22,196,64,1
18,166,62,1
22,177,73,1
18,195,64,1
20,183,64,1
27,179,66,1
33,155,77,0
23,180,73,1
28,188,63,1
28,145,56,0
38,166,77,0
21,184,74,1
35,140,64,0
28,154,77,0
32,138,64,0
26,172,74,1
31,153,68,0
28,190,74,1
29,192,69,1
39,169,57,0
17,170,63,1
17,177,74,1
31,165,57,0
33,169,57,0
21,191,73,1
26,140,68,0
39,164,61,0
23,153,64,0
32,139,62,0
23,167,70,1
39,176,65,0
25,164,75,0
30,141,72,0
16,186,65,1
27,170,65,1
28,169,66,1
30,148,59,0
31,160,55,0
25,188,63,1
28,162,65,0
20,178,69,1
17,185,61,1
21,176,71,1
26,176,70,1
28,186,74,1
37,166,72,0
18,170,61,1
20,171,71,1
36,175,71,0
36,169,68,0
29,150,69,0
17,185,69,1
23,168,69,1
24,174,57,0
34,146,73,0
16,171,70,1
24,133,63,0
36,141,75,0
16,172,74,1
20,195,66,1
34,142,73,0
37,177,71,0
32,157,79,0
23,178,70,1
25,194,65,1
21,179,71,1
29,134,65,0
25,133,57,0
28,163,73,0
17,169,72,1
25,148,74,0
24,176,74,1
27,177,65,1
23,174,63,1
29,176,77,0
23,150,66,0
35,157,57,0
26,170,65,1
39,179,65,0
29,199,64,1
23,180,72,1
31,140,74,0
24,198,64,1
34,168,70,0
33,135,63,0
38,133,59,0
33,146,66,0
39,163,74,0
28,173,75,1
24,171,69,1
16,167,64,1
34,150,66,0
39,149,65,0
30,152,79,0
29,176,67,1
29,149,59,0
26,157,69,0
18,173,68,1
38,166,57,0
31,143,66,0
36,136,56,0
29,199,74,1
23,189,71,1
37,172,72,0
22,190,70,1
16,178,69,1
38,134,76,0
28,172,71,1
25,146,75,0
29,192,62,1
19,184,63,1
30,153,69,0
27,166,72,1
33,171,76,0
23,185,63,1
26,195,69,1
16,187,74,1
16,182,64,1
36,147,72,0
17,181,74,1
16,186,64,1
25,181,63,1
38,172,67,0
39,139,64,0
18,194,63,1
30,141,68,0
29,181,73,1
25,186,66,1
39,170,56,0
32,147,68,0
24,197,65,1
29,168,72,1
16,194,69,1
21,194,65,1
36,149,72,0
35,165,76,0
22,176,67,1
25,192,67,1
23,183,73,1
21,166,63,1
18,183,64,1
32,148,77,0
37,144,57,0
16,182,67,1
27,197,69,1
29,183,65,1
34,179,55,0
25,191,64,1
26,136,56,0
32,150,63,0
29,195,65,1
22,176,63,1
22,182,62,1
20,166,61,1
30,138,76,0
18,178,69,1
34,158,56,0
24,174,68,1
23,184,72,1
26,169,71,1
24,148,58,0
30,139,62,0
33,149,66,0
36,179,75,0
27,179,74,1
20,172,62,1
32,154,63,0
32,167,59,0
31,163,57,0
23,168,62,1
29,176,66,1
23,168,61,1
25,189,67,1
21,173,67,1
27,171,60,1
39,155,69,0
22,179,64,1
25,196,69,1
17,179,68,1
20,179,66,1
25,173,66,1
24,137,77,0
29,178,63,1
21,179,74,1
29,178,59,0
24,191,66,1
38,150,65,0
37,174,75,0
33,132,55,0
18,197,65,1
21,194,66,1
23,152,75,0
27,190,72,1
27,155,67,0
17,193,62,1
25,197,68,1
36,162,72,0
23,178,72,1
28,142,61,0
36,174,65,0
33,142,56,0
31,179,57,0
25,153,76,0
22,190,66,1
31,179,68,0
17,178,74,1
16,199,64,1
25,190,69,1
24,192,62,1
37,173,65,0
27,173,65,1
17,172,62,1
30,164,71,0
38,146,74,0
31,160,72,0
26,186,71,1
35,137,58,0
18,195,69,1
37,141,78,0
18,185,68,1
27,137,69,0
32,162,64,0
29,178,64,1
36,163,58,0
18,199,71,1
25,172,65,1
21,172,65,1
26,169,71,1
26,179,61,1
25,135,71,0
20,194,63,1
22,177,67,1
38,156,72,0
39,149,62,0
16,180,68,1
31,151,71,0
26,198,71,1
22,179,61,1
27,158,65,0
24,186,70,1
19,167,62,1
33,150,62,0
21,169,67,1
21,185,68,1
27,175,72,1
25,185,68,1
23,169,73,1
28,170,62,1
24,190,67,1
28,178,64,1
26,151,55,0
20,199,66,1
31,143,55,0
36,142,73,0
16,197,67,1
22,189,65,1
20,182,67,1
29,171,75,1
17,195,71,1
25,158,77,0
38,136,61,0
30,144,63,0
20,176,64,1
22,175,70,1
28,169,72,1
26,175,73,1
23,196,65,1
27,197,71,1
18,168,74,1
19,196,66,1
28,135,72,0
24,176,76,0
34,172,62,0
28,184,66,1
32,153,68,0
32,144,59,0
22,173,63,1
37,140,55,0
17,170,69,1
28,177,77,0
18,177,64,1
24,174,63,1
26,168,63,1
36,137,78,0
36,178,64,0
24,143,60,0
24,163,70,0
29,176,69,1
37,175,55,0
34,139,57,0
29,145,55,0
21,168,73,1
27,188,66,1
38,135,78,0
28,178,62,1
26,152,71,0
26,183,72,1
18,174,64,1
18,169,65,1
24,146,77,0
25,160,56,0
32,163,66,0
17,177,69,1
38,135,56,0
35,145,58,0
25,132,70,0
29,147,55,0
17,178,61,1
35,148,78,0
29,175,62,1
23,197,64,1
23,146,77,0
18,193,62,1
25,171,67,1
24,172,66,1
31,140,69,0
39,132,69,0
28,143,74,0
28,144,57,0
28,189,74,1
33,176,57,0
25,173,61,1
23,189,64,1
23,164,70,0
25,185,74,1
24,139,79,0
39,171,68,0
26,141,62,0
34,156,79,0
21,169,67,1
27,176,72,1
29,178,73,1
25,194,61,1
38,165,59,0
28,192,65,1
28,175,66,1
30,133,60,0
19,174,71,1
28,166,65,1
23,191,64,1
29,140,78,0
34,174,69,0
26,150,67,0
19,186,64,1
17,196,73,1
30,146,70,0
38,179,71,0
28,175,72,1
33,139,75,0
20,181,69,1
26,170,62,1
23,133,71,0
29,181,64,1
36,161,64,0
26,148,77,0
28,177,67,1
38,175,77,0
29,173,67,1
37,167,75,0
23,147,74,0
27,193,71,1
29,157,72,0
24,180,71,1
24,151,68,0
19,198,73,1
28,179,64,1
25,187,65,1
17,167,73,1
26,159,72,0
25,194,66,1
34,138,68,0
28,183,66,1
22,166,63,1
25,190,72,1
25,150,69,0
29,145,67,0
17,189,68,1
27,189,73,1
30,164,62,0
39,157,61,0
25,166,74,1
19,166,73,1
25,134,78,0
37,171,67,0
20,196,63,1
30,158,69,0
32,166,65,0
29,191,65,1
31,173,76,0
19,175,69,1
23,193,61,1
26,172,69,1
35,141,66,0
20,198,61,1
28,181,73,1
25,197,68,1
24,194,69,1
20,182,72,1
28,166,70,1
25,167,73,1
19,193,61,1
28,169,57,0
27,178,68,1
29,170,57,0
25,165,78,0
29,188,71,1
36,135,75,0
28,190,66,1
26,166,56,0
31,179,57,0
26,172,71,1
22,197,73,1
18,181,67,1
19,185,70,1
18,197,67,1
29,139,75,0
17,177,71,1
33,133,56,0
17,174,61,1
39,177,64,0
37,176,68,0
25,166,61,1
39,160,79,0
38,155,78,0
20,194,67,1
22,176,67,1
28,186,70,1
23,174,64,1
17,199,73,1
17,194,63,1
21,182,71,1
28,173,73,1
18,192,62,1
29,164,59,0
28,159,63,0
23,178,63,1
28,191,64,1
25,171,70,1
34,148,73,0
24,196,67,1
21,178,64,1
23,178,63,1
18,185,67,1
28,176,71,1
34,152,66,0
21,197,65,1
23,163,79,0
18,184,68,1
25,158,78,0
29,190,65,1
18,169,74,1
29,175,74,1
25,175,75,1
26,168,73,1
27,170,74,1
19,166,62,1
20,176,73,1
19,187,63,1
18,187,64,1
24,159,75,0
28,182,63,1
26,185,63,1
19,199,62,1
26,175,68,1
31,170,71,0
28,144,69,0
24,170,61,1
22,172,66,1
18,176,71,1
32,142,77,0
39,147,76,0
25,169,70,1
24,169,73,1
31,170,79,0
39,166,66,0
21,192,61,1
27,167,67,1
28,140,65,0
23,177,71,1
29,172,72,1
28,148,79,0
20,173,70,1
36,153,70,0
39,160,63,0
22,187,73,1
39,147,78,0
29,152,78,0
35,160,74,0
27,174,64,1
32,147,79,0
39,159,77,0
23,146,76,0
26,152,75,0
27,170,73,1
31,140,68,0
24,184,62,1
30,153,65,0
21,192,64,1
26,157,61,0
28,172,61,1
31,156,72,0
33,174,57,0
27,179,64,1
27,192,63,1
22,186,67,1
30,174,67,0
39,143,79,0
24,169,72,1
18,182,65,1
33,157,55,0
26,192,74,1
35,170,67,0
24,162,74,0
16,197,72,1
26,163,76,0
32,139,69,0
29,135,73,0
20,177,73,1
36,140,71,0
25,184,73,1
28,150,62,0
33,153,58,0
25,179,78,0
23,158,72,0
17,199,67,1
32,145,62,0
26,140,69,0
25,169,73,1
31,177,62,0
30,134,73,0
28,175,65,1
32,133,70,0
37,141,71,0
32,170,78,0
30,170,71,0
25,188,71,1
21,172,64,1
25,158,62,0
38,174,78,0
24,199,71,1
35,156,55,0
30,134,60,0
16,170,68,1
26,164,77,0
24,184,61,1
25,168,63,1
29,198,70,1
17,194,65,1
23,175,78,0
18,183,64,1
22,181,63,1
34,168,68,0
25,134,65,0
36,162,62,0
27,191,62,1
20,193,73,1
28,183,70,1
29,133,62,0
21,197,65,1
27,180,74,1
29,191,74,1
22,167,68,1
29,168,69,1
32,175,77,0
30,176,56,0
22,196,74,1
35,159,66,0
31,147,65,0
20,172,62,1
29,193,74,1
27,175,55,0
20,185,74,1
26,158,69,0
27,195,69,1
23,142,70,0
28,167,63,1
30,133,71,0
25,154,64,0
19,177,65,1
37,175,74,0
31,143,73,0
16,178,74,1
24,183,67,1
29,139,68,0
22,181,74,1
21,179,64,1
35,152,60,0
24,158,61,0
19,194,63,1
29,153,70,0
19,174,72,1
24,170,62,1
27,163,65,0
34,168,55,0
39,172,76,0
23,151,79,0
27,157,59,0
17,175,71,1
34,161,72,0
24,177,75,1
26,174,59,0
37,144,68,0
25,176,72,1
37,153,55,0
28,164,76,0
20,193,62,1
26,137,67,0
26,193,68,1
24,190,65,1
34,135,67,0
28,148,55,0
31,179,74,0
26,167,64,1
18,178,72,1
27,175,70,1
22,171,73,1
20,193,68,1
39,146,55,0
38,167,69,0
33,160,73,0
26,153,71,0
24,196,64,1
17,196,69,1
26,140,73,0
39,179,79,0
26,170,78,0
24,172,72,1
32,170,66,0
25,173,62,1
39,157,63,0
23,162,73,0
24,178,67,1
20,177,71,1
20,169,65,1
21,188,68,1
29,179,69,1
29,194,64,1
30,141,78,0
18,186,67,1
24,176,59,0
26,162,70,0
17,197,72,1
18,172,72,1
23,194,70,1
27,139,67,0
36,146,56,0
36,147,67,0
24,147,70,0
18,184,61,1
29,160,71,0
19,192,67,1
34,142,71,0
24,196,71,1
26,150,58,0
29,181,67,1
25,135,57,0
29,171,74,1
19,192,73,1
28,146,61,0
25,137,55,0
23,146,60,0
18,199,73,1
27,180,62,1
27,134,60,0
28,177,72,1
25,163,71,0
21,167,71,1
26,176,61,1
17,176,73,1
36,176,69,0
24,186,64,1
33,157,70,0
39,154,69,0
24,182,67,1
35,145,65,0
34,170,55,0
33,141,64,0
28,133,72,0
24,143,76,0
21,195,70,1
37,165,65,0
32,156,70,0
27,177,68,1
25,193,69,1
37,134,76,0
27,196,74,1
26,172,64,1
17,193,63,1
33,167,60,0
32,157,56,0
30,148,63,0
24,191,71,1
31,168,68,0
24,193,64,1
23,143,72,0
28,188,61,1
24,134,61,0
27,184,65,1
32,177,70,0
35,132,56,0
33,165,61,0
23,191,74,1
20,185,66,1
17,176,61,1
35,153,76,0
38,157,74,0
37,168,62,0
23,147,69,0
21,180,74,1
26,142,67,0
19,197,69,1
27,193,65,1
16,182,66,1
36,138,75,0
27,187,63,1
30,177,67,0
17,170,73,1
24,171,69,1
23,155,64,0
28,151,63,0
24,147,58,0
29,144,62,0
26,151,59,0
23,198,61,1
32,143,64,0
17,195,74,1
21,174,66,1
35,166,64,0
35,156,79,0
20,168,73,1
34,147,63,0
21,180,70,1
17,167,66,1
26,187,62,1
19,168,69,1
16,197,70,1
27,160,78,0
34,170,66,0
21,184,69,1
29,186,71,1
39,155,56,0
19,182,66,1
24,158,73,0
32,174,77,0
38,157,77,0
25,173,72,1
31,141,63,0
25,162,70,0
16,190,74,1
25,170,68,1
30,155,66,0
31,141,67,0
33,139,57,0
30,142,67,0
29,180,63,1
36,169,72,0
35,159,75,0
38,155,79,0
38,132,60,0
21,190,69,1
27,180,64,1
16,171,63,1
29,170,64,1
16,181,66,1
19,193,74,1
19,199,68,1
17,192,74,1
30,143,74,0
16,191,68,1
38,148,55,0
24,171,70,1
38,175,66,0
16,184,74,1
16,192,67,1
16,174,73,1
23,186,70,1
21,190,67,1
32,140,77,0
21,198,68,1
21,197,62,1
28,167,72,1
29,175,62,1
27,173,68,1
21,191,61,1
17,180,61,1
22,195,69,1
36,155,78,0
17,184,68,1
37,159,61,0
30,140,57,0
27,173,66,1
29,168,61,1
24,194,63,1
18,181,69,1
38,161,58,0
30,132,61,0
27,151,67,0
33,137,62,0
37,176,65,0
17,197,70,1
22,192,63,1
33,166,67,0
35,137,68,0
20,189,73,1
26,138,69,0
21,182,62,1
29,184,73,1
26,190,69,1
19,175,63,1
27,178,68,1
38,179,60,0
38,169,78,0
32,170,72,0
24,135,64,0
26,170,70,1
26,137,66,0
35,159,63,0
38,142,66,0
27,181,63,1
24,184,72,1
27,165,63,1
18,182,71,1
25,192,65,1
30,159,67,0
20,197,66,1
25,183,64,1
39,158,58,0
25,168,71,1
38,164,73,0
25,147,79,0
24,148,68,0
16,182,67,1
27,169,71,1
20,188,71,1
32,157,79,0
27,189,62,1
30,152,66,0
36,140,67,0
28,188,64,1
33,156,68,0
19,170,72,1
26,145,60,0
37,136,62,0
18,190,67,1
21,194,70,1
37,179,63,0
27,139,79,0
35,164,64,0
35,144,71,0
29,175,71,1
23,184,68,1
22,166,73,1
16,197,70,1
27,186,66,1
18,168,62,1
23,197,70,1
16,186,64,1
31,173,71,0
24,195,65,1
24,166,68,1
26,166,61,1
27,148,70,0
25,147,65,0
36,151,75,0
34,144,56,0
27,168,74,1
36,136,67,0
31,156,76,0
19,177,70,1
34,166,77,0
27,149,56,0
25,188,70,1
36,145,66,0
25,134,68,0
20,193,67,1
29,187,64,1
16,180,63,1
25,171,70,1
25,168,64,1
29,177,71,1
29,182,62,1
17,171,71,1
31,148,72,0
19,173,61,1
16,187,64,1
30,151,68,0
24,196,70,1
31,172,59,0
38,150,57,0
31,136,66,0
21,179,62,1
28,171,75,1
17,183,67,1
26,145,56,0
36,179,59,0
27,175,62,1
20,185,71,1
34,178,65,0
25,160,71,0
29,197,61,1
33,134,71,0
38,175,56,0
35,144,63,0
30,160,62,0
38,178,69,0
20,171,71,1
39,141,71,0
29,194,64,1
20,197,72,1
24,167,71,1
17,189,61,1
26,174,61,1
34,162,78,0
36,134,65,0
28,153,72,0
25,161,63,0
38,166,69,0
33,154,67,0
23,184,72,1
32,142,78,0
16,183,67,1
20,166,72,1
30,166,75,0
24,157,67,0
29,133,64,0
21,177,61,1
16,182,65,1
28,194,70,1
25,168,69,1
33,150,55,0
35,132,78,0
20,176,70,1
21,195,70,1
37,169,67,0
28,169,61,1
33,157,70,0
20,183,61,1
30,176,67,0
16,190,68,1
32,164,72,0
22,194,67,1
26,193,73,1
28,178,66,1
23,192,66,1
38,169,61,0
17,178,71,1
31,176,74,0
38,148,68,0
29,176,66,1
29,141,66,0
21,181,72,1
35,145,78,0
18,191,63,1
21,189,62,1
23,189,65,1
39,177,75,0
24,133,79,0
34,147,56,0
23,183,74,1
29,195,63,1
34,148,68,0
20,193,68,1
23,196,70,1
37,138,63,0
31,174,69,0
19,191,64,1
22,188,68,1
30,169,56,0
27,171,66,1
35,133,70,0
17,198,62,1
34,147,60,0
33,151,56,0
17,198,63,1
19,182,73,1
24,149,71,0
36,154,72,0
34,155,67,0
25,174,68,1
25,183,66,1
23,172,64,1
25,171,64,1
20,193,65,1
38,133,62,0
19,166,62,1
25,160,77,0
38,145,60,0
23,167,71,1
24,169,64,1
28,178,68,1
30,138,70,0
34,176,65,0
27,182,66,1
27,177,61,1
26,170,68,1
37,178,56,0
38,173,61,0
32,137,75,0
39,160,76,0
29,151,62,0
22,183,62,1
23,179,71,1
39,132,76,0
23,144,73,0
35,154,62,0
38,133,67,0
33,146,69,0
35,137,65,0
20,194,71,1
21,166,65,1
23,152,60,0
16,177,64,1
29,171,60,1
21,196,61,1
24,145,57,0
31,155,70,0
29,175,68,1
37,149,78,0
26,173,70,1
23,199,67,1
19,179,70,1
18,186,64,1
16,166,62,1
21,182,72,1
20,172,66,1
37,170,66,0
28,142,64,0
28,195,62,1
20,198,68,1
22,187,61,1
23,166,73,1
27,187,67,1
23,174,55,0
27,135,76,0
30,164,66,0
26,170,70,1
27,172,72,1
23,193,72,1
26,188,74,1
22,168,74,1
18,171,63,1
29,183,66,1
31,138,59,0
29,192,65,1
34,152,75,0
29,180,70,1
34,162,71,0
23,161,76,0
27,187,72,1
37,143,62,0
24,171,67,1
34,158,69,0
37,144,61,0
38,178,75,0
29,175,66,1
26,148,71,0
26,172,74,1
23,150,76,0
28,166,63,1
25,199,71,1
37,179,66,0
20,172,73,1
33,174,58,0
22,169,63,1
27,153,57,0
28,189,68,1
19,183,61,1
21,186,72,1
29,167,73,1
35,134,64,0
25,171,69,1
29,149,70,0
34,153,66,0
19,184,69,1
25,186,64,1
33,164,69,0
24,198,61,1
29,199,69,1
21,177,72,1
17,175,65,1
23,132,67,0
27,181,63,1
30,143,73,0
25,185,61,1
29,168,66,1
25,163,64,0
34,138,61,0
26,185,66,1
29,166,76,0
37,172,66,0
39,161,74,0
21,176,65,1
25,186,61,1
31,134,64,0
23,167,64,1
33,172,59,0
35,133,79,0
39,144,69,0
25,190,66,1
19,195,65,1
34,150,64,0
20,166,68,1
34,155,71,0
38,176,72,0
21,183,64,1
26,194,72,1
23,181,67,1
26,184,63,1
17,196,64,1
20,187,74,1
28,170,70,1
24,155,70,0
26,187,65,1
35,166,74,0
23,140,58,0
26,167,66,1
23,134,62,0
37,156,73,0
38,134,70,0
23,199,72,1
18,171,61,1
24,175,73,1
18,183,65,1
21,189,73,1
23,183,65,1
33,167,75,0
34,165,56,0
26,192,68,1
39,142,73,0
30,169,56,0
16,170,71,1
19,188,62,1
24,179,62,1
30,157,58,0
21,172,72,1
23,176,65,1
26,181,73,1
16,184,69,1
17,170,70,1
29,176,69,1
24,143,65,0
24,178,64,1
25,165,66,1
29,187,61,1
26,174,61,1
35,157,77,0
23,144,60,0
25,166,74,1
27,171,67,1
28,192,72,1
23,185,66,1
25,187,66,1
31,162,79,0
31,144,75,0
16,183,69,1
32,150,69,0
19,192,63,1
28,196,71,1
27,160,64,0
29,157,63,0
36,158,64,0
27,169,73,1
35,147,63,0
25,141,65,0
29,184,65,1
29,168,73,1
27,167,74,1
28,190,74,1
19,191,61,1
19,166,72,1
27,169,72,1
26,191,68,1
27,174,75,1
22,192,72,1
28,173,70,1
16,188,67,1
33,134,73,0
18,167,61,1
25,169,59,0
36,147,75,0
19,187,65,1
28,143,56,0
24,175,71,1
33,162,57,0
20,185,64,1
29,192,74,1
26,160,65,0
20,181,70,1
30,151,68,0
17,170,65,1
18,171,67,1
23,169,64,1
25,171,59,0
22,178,63,1
30,167,72,0
26,178,55,0
24,190,62,1
32,172,71,0
16,179,73,1
21,188,64,1
31,160,73,0
27,168,61,1
38,179,79,0
24,159,70,0
29,164,60,0
20,181,67,1
17,167,67,1
28,175,74,1
16,190,62,1
18,197,71,1
31,155,56,0
22,175,69,1
25,178,79,0
27,170,72,1
32,158,64,0
20,198,68,1
28,166,69,1
29,175,73,1
26,191,70,1
28,199,73,1
25,161,66,0
26,181,74,1
17,176,67,1
39,158,70,0
25,132,56,0
37,159,55,0
28,167,74,1
21,175,70,1
23,169,65,1
37,133,77,0
24,173,71,1
37,142,72,0
27,189,73,1
34,147,66,0
31,161,61,0
32,157,78,0
20,168,73,1
30,156,64,0
29,175,74,1
29,166,74,1
26,184,70,1
18,196,64,1
20,196,74,1
16,182,63,1
28,179,66,1
23,195,67,1
27,135,71,0
17,179,70,1
39,159,71,0
37,173,72,0
37,170,60,0
28,133,79,0
26,168,59,0
35,138,73,0
33,133,72,0
24,167,65,1
29,154,73,0
28,171,69,1
23,144,64,0
28,182,72,1
18,193,68,1
19,174,64,1
16,186,63,1
27,174,74,1
17,187,66,1
21,177,63,1
35,156,69,0
17,184,72,1
35,157,78,0
21,189,74,1
30,145,79,0
16,178,65,1
17,189,74,1
25,159,60,0
29,188,72,1
27,158,65,0
18,184,74,1
39,175,65,0
29,138,67,0
18,173,68,1
31,137,66,0
22,199,66,1
35,154,58,0
29,180,71,1
21,186,67,1
32,173,79,0
20,193,69,1
23,179,73,1
19,188,70,1
31,172,57,0
36,150,73,0
23,151,55,0
26,179,73,1
19,172,68,1
30,145,72,0
17,195,63,1
25,168,68,1
30,143,55,0
24,178,57,0
18,190,74,1
29,161,59,0
27,173,66,1
22,196,66,1
21,195,64,1
31,167,68,0
38,142,77,0
33,178,75,0
24,133,57,0
23,177,61,1
26,152,63,0
18,190,68,1
23,176,58,0
28,176,67,1
23,137,55,0
29,190,63,1
29,156,67,0
27,193,63,1
29,168,71,1
25,197,62,1
39,153,78,0
37,169,73,0
17,184,69,1
25,176,79,0
22,178,62,1
34,148,61,0
37,174,68,0
24,195,62,1
25,173,76,0
37,157,55,0
34,143,62,0
31,142,57,0
17,184,68,1
19,186,71,1
32,179,59,0
24,171,74,1
20,186,64,1
21,174,71,1
34,166,55,0
20,189,69,1
20,188,64,1
18,167,71,1
28,182,73,1
34,148,66,0
29,148,73,0
21,198,64,1
25,136,74,0
32,178,66,0
26,174,71,1
23,183,74,1
23,160,71,0
17,177,68,1
34,146,79,0
32,147,70,0
17,168,67,1
24,136,73,0
24,158,59,0
24,171,66,1
27,172,62,1
25,179,76,0
28,176,65,1
31,174,62,0
24,171,64,1
25,162,57,0
39,172,79,0
17,175,63,1
35,163,74,0
19,171,65,1
33,148,61,0
37,155,58,0
27,187,63,1
29,178,63,1
33,179,61,0
28,192,67,1
28,170,65,1
24,178,67,1
17,192,67,1
27,145,72,0
24,174,66,1
20,177,69,1
22,171,61,1
16,180,63,1
26,153,69,0
34,143,64,0
30,167,73,0
28,181,63,1
28,153,77,0
38,141,64,0
20,170,74,1
17,166,64,1
37,138,67,0
24,178,61,1
25,196,68,1
35,146,68,0
28,164,71,0
27,167,69,1
32,159,75,0
25,181,61,1
20,198,71,1
36,151,67,0
28,197,68,1
36,176,70,0
18,168,63,1
18,192,69,1
24,166,72,1
30,144,77,0
24,132,56,0
20,168,61,1
39,145,65,0
22,171,71,1
20,190,63,1
30,177,76,0
18,197,65,1
27,162,72,0
18,195,62,1
28,167,70,1
34,163,71,0
24,182,72,1
23,140,76,0
29,143,61,0
23,170,65,1
18,171,69,1
16,176,62,1
21,174,72,1
37,140,57,0
29,150,57,0
31,137,70,0
25,199,73,1
25,172,73,1
23,157,72,0
24,182,61,1
28,169,64,1
24,136,66,0
37,133,61,0
29,132,74,0
28,183,68,1
20,168,63,1
23,181,64,1
29,198,61,1
27,196,65,1
35,172,67,0
35,145,61,0
24,163,74,0
29,187,70,1
35,178,78,0
32,138,57,0
29,194,67,1
22,167,67,1
26,168,63,1
38,178,79,0
18,194,62,1
37,169,75,0
24,149,60,0
28,173,76,0
26,172,68,1
17,176,74,1
39,174,62,0
22,170,73,1
26,178,56,0
18,187,64,1
19,194,70,1
27,152,55,0
26,196,63,1
24,192,62,1
26,181,61,1
28,180,63,1
37,162,63,0
33,178,55,0
23,175,65,1
28,163,70,0
16,192,67,1
23,182,64,1
25,189,67,1
33,178,76,0
26,172,59,0
19,197,63,1
27,174,74,1
23,153,67,0
20,186,74,1
24,157,55,0
24,132,78,0
21,199,70,1
29,138,56,0
28,194,74,1
24,174,63,1
37,173,60,0
34,144,61,0
28,196,65,1
35,138,75,0
26,191,67,1
22,175,65,1
38,173,69,0
23,173,64,1
33,176,74,0
16,196,66,1
24,197,68,1
17,189,68,1
30,146,61,0
39,138,75,0
33,154,64,0
24,137,62,0
28,135,74,0
39,171,68,0
37,153,62,0
22,199,69,1
18,183,68,1
36,134,69,0
24,184,73,1
18,196,67,1
18,184,63,1
30,179,63,0
26,140,57,0
23,154,76,0
31,161,75,0
24,168,70,1
28,184,69,1
29,188,66,1
17,183,74,1
20,172,70,1
28,178,67,1
27,172,73,1
36,145,74,0
27,163,66,0
16,188,70,1
28,136,57,0
19,186,73,1
34,151,56,0
20,176,74,1
33,143,75,0
30,142,67,0
16,182,70,1
33,140,62,0
22,193,73,1
29,176,72,1
29,189,73,1
21,191,61,1
22,166,69,1
32,147,68,0
35,160,77,0
21,183,67,1
37,154,57,0
38,149,58,0
24,186,63,1
16,199,68,1
38,166,66,0
27,184,62,1
29,157,61,0
22,199,62,1
19,189,71,1
25,136,79,0
35,139,63,0
22,172,64,1
17,183,65,1
29,184,72,1
18,169,71,1
23,193,63,1
36,151,67,0
33,139,65,0
27,175,63,1
31,158,75,0
23,137,70,0
25,153,56,0
23,169,67,1
29,171,65,1
26,178,71,1
25,170,71,1
35,140,66,0
23,189,69,1
26,143,79,0
21,167,66,1
17,166,72,1
25,174,63,1
32,153,75,0
34,154,75,0
38,175,66,0
29,189,62,1
22,196,73,1
32,141,79,0
28,166,74,1
22,172,72,1
16,166,67,1
23,182,74,1
24,162,61,0
20,179,65,1
38,148,69,0
26,193,73,1
19,173,68,1
21,171,74,1
25,174,66,1
26,139,68,0
21,185,63,1
24,155,58,0
29,167,63,1
39,140,57,0
24,164,77,0
30,158,58,0
26,133,55,0
21,197,69,1
31,179,74,0
25,196,68,1
27,191,62,1
27,143,69,0
37,156,71,0
18,176,61,1
25,179,66,1
35,177,69,0
37,165,57,0
29,146,70,0
29,136,78,0
39,155,75,0
25,168,62,1
22,185,64,1
27,167,64,1
35,162,58,0
39,157,62,0
31,157,62,0
18,193,64,1
21,169,71,1
19,182,65,1
29,166,78,0
27,183,74,1
33,145,65,0
39,133,64,0
19,189,72,1
29,136,70,0
19,170,61,1
21,177,71,1
34,142,78,0
19,170,71,1
24,189,68,1
23,170,73,1
20,194,74,1
17,178,66,1
39,167,67,0
30,171,75,0
25,196,62,1
25,197,66,1
25,182,74,1
32,163,62,0
17,196,66,1
20,187,61,1
23,170,63,1
28,170,60,1
17,170,64,1
38,143,68,0
25,169,62,1
23,177,68,1
19,197,65,1
24,155,74,0
26,185,72,1
38,132,63,0
24,135,70,0
25,178,66,1
24,138,59,0
20,190,67,1
27,133,62,0
34,146,56,0
27,141,74,0
19,181,62,1
17,180,71,1
21,178,74,1
19,172,65,1
16,167,73,1
20,185,69,1
27,195,73,1
23,138,64,0
35,154,73,0
21,166,67,1
22,191,72,1
24,173,63,1
17,195,63,1
34,169,61,0
39,138,56,0
18,186,63,1
29,133,73,0
28,179,68,1
25,182,71,1
39,159,76,0
28,150,55,0
37,154,78,0
37,156,58,0
32,162,67,0
38,145,58,0
25,183,72,1
23,185,73,1
29,172,74,1
39,140,57,0
31,159,57,0
25,155,57,0
26,148,58,0
16,173,67,1
29,165,71,1
34,173,66,0
39,175,64,0
27,193,72,1
24,177,75,1
37,178,65,0
34,161,72,0
24,189,73,1
33,149,74,0
16,170,68,1
16,175,71,1
27,158,58,0
24,146,67,0
16,166,66,1
39,144,55,0
33,153,73,0
27,192,68,1
21,180,69,1
33,143,63,0
19,199,73,1
35,139,65,0
25,134,66,0
26,168,69,1
27,143,61,0
24,166,70,1
23,185,74,1
23,181,68,1
26,142,76,0
26,179,62,1
38,132,72,0
25,183,68,1
24,145,68,0
33,142,71,0
29,177,65,1
31,154,77,0
24,187,64,1
23,162,63,0
28,177,69,1
23,146,73,0
28,144,67,0
34,145,73,0
22,199,64,1
25,154,70,0
35,156,70,0
26,171,64,1
24,183,73,1
22,199,64,1
28,178,65,1
23,195,72,1
33,178,57,0
28,172,61,1
30,164,72,0
26,161,61,0
29,185,64,1
36,172,63,0
31,156,76,0
23,153,78,0
24,133,68,0
30,174,78,0
16,179,67,1
35,151,70,0
28,162,79,0
16,180,65,1
26,188,71,1
39,140,66,0
16,180,65,1
29,143,56,0
38,173,57,0
29,191,69,1
32,147,75,0
36,152,78,0
24,166,75,1
24,166,73,1
21,170,63,1
28,190,73,1
21,198,73,1
26,145,56,0
25,159,59,0
23,191,71,1
29,189,67,1
25,138,64,0
35,140,64,0
34,154,74,0
29,141,55,0
22,191,62,1
21,184,64,1
25,170,71,1
37,139,70,0
21,188,72,1
30,151,56,0
25,167,67,1
37,147,76,0
29,174,66,1
21,168,64,1
28,171,71,1
22,189,74,1
23,150,68,0
23,165,70,1
24,166,63,1
37,139,63,0
24,185,74,1
25,195,74,1
16,189,62,1
30,156,74,0
23,188,74,1
19,195,71,1
20,171,70,1
29,174,74,1
23,143,67,0
26,178,70,1
22,171,64,1
28,166,76,0
26,162,76,0
30,153,55,0
20,166,61,1
24,159,62,0
30,176,79,0
17,191,61,1
22,184,74,1
26,167,58,0
27,195,73,1
25,174,61,1
25,172,73,1
25,158,64,0
29,172,69,1
22,185,69,1
24,164,65,0
17,184,66,1
24,162,56,0
18,178,65,1
31,169,60,0
21,168,63,1
27,191,68,1
23,160,61,0
26,193,61,1
26,146,64,0
27,183,67,1
34,175,60,0
34,138,60,0
36,176,59,0
23,169,69,1
22,187,72,1
27,194,69,1
26,196,65,1
28,167,66,1
23,184,63,1
33,175,61,0
23,164,74,0
27,193,69,1
29,172,57,0
28,174,60,1
21,199,69,1
33,162,57,0
31,161,58,0
24,166,77,0
37,133,56,0
32,141,62,0
24,177,57,0
20,195,71,1
35,149,78,0
24,172,69,1
30,155,75,0
27,170,62,1
18,193,71,1
20,180,61,1
28,195,65,1
21,182,63,1
20,184,61,1
30,158,56,0
25,181,66,1
21,194,74,1
33,171,71,0
18,167,68,1
30,169,55,0
35,178,59,0
38,138,67,0
24,193,64,1
34,134,61,0
24,174,71,1
30,154,69,0
35,136,62,0
18,171,64,1
29,155,61,0
19,185,66,1
24,173,64,1
35,154,61,0
17,196,73,1
34,166,60,0
36,146,70,0
38,145,65,0
30,172,59,0
29,151,62,0
29,192,63,1
21,166,63,1
33,160,56,0
25,191,68,1
27,189,73,1
28,146,73,0
24,146,56,0
28,155,60,0
35,177,58,0
29,163,77,0
20,177,62,1
24,137,69,0
26,168,65,1
32,163,60,0
29,198,62,1
26,183,64,1
28,195,62,1
17,198,68,1
38,139,74,0
25,168,60,1
18,191,68,1
26,189,62,1
33,178,78,0
26,153,69,0
32,135,73,0
24,186,62,1
16,184,70,1
20,187,66,1
35,138,73,0
21,187,63,1
24,132,61,0
29,169,73,1
21,178,62,1
18,187,66,1
36,157,61,0
20,196,68,1
27,172,68,1
19,193,74,1
29,195,71,1
17,184,62,1
29,171,62,1
23,155,62,0
30,159,63,0
22,177,74,1
24,167,78,0
39,141,73,0
26,196,64,1
24,179,63,1
33,145,72,0
26,171,62,1
28,134,65,0
19,174,72,1
27,149,76,0
21,196,73,1
16,175,73,1
17,190,69,1
26,163,59,0
28,133,64,0
36,164,58,0
27,193,61,1
31,148,57,0
26,187,66,1
29,176,65,1
31,170,55,0
26,149,65,0
27,174,71,1
32,143,60,0
27,135,56,0
23,192,69,1
23,184,63,1
32,155,63,0
20,181,62,1
20,195,73,1
25,194,71,1
20,188,67,1
16,166,63,1
23,172,63,1
35,179,63,0
26,171,59,0
21,188,73,1
21,184,69,1
23,190,63,1
28,148,73,0
32,164,77,0
28,169,70,1
25,182,69,1
19,196,64,1
26,196,67,1
18,177,68,1
18,179,66,1
27,179,75,1
38,143,59,0
32,141,75,0
21,169,61,1
28,134,64,0
26,173,61,1
23,167,61,1
16,170,66,1
37,165,75,0
28,154,79,0
17,178,67,1
26,171,70,1
23,166,63,1
28,173,71,1
23,185,71,1
16,198,69,1
26,190,67,1
36,135,63,0
26,169,72,1
22,177,70,1
24,167,64,1
28,135,71,0
23,184,63,1
27,166,70,1
27,169,65,1
35,173,78,0
28,157,56,0
25,137,63,0
28,138,71,0
29,199,61,1
36,166,58,0
31,166,66,0
26,196,62,1
29,195,62,1
35,133,56,0
17,180,63,1
36,157,62,0
39,155,59,0
28,141,68,0
34,136,71,0
19,169,72,1
29,170,70,1
16,194,70,1
21,197,71,1
16,175,67,1
26,190,73,1
20,169,64,1
38,145,68,0
31,148,62,0
34,141,78,0
25,194,65,1
27,164,58,0
20,194,62,1
35,176,77,0
33,137,72,0
22,195,74,1
29,181,68,1
39,176,74,0
27,154,61,0
25,184,61,1
17,199,64,1
24,160,73,0
35,155,64,0
39,137,73,0
34,134,56,0
28,155,74,0
39,148,71,0
26,146,76,0
22,189,71,1
17,171,66,1
39,177,64,0
16,188,67,1
28,172,67,1
35,155,78,0
29,139,76,0
26,156,55,0
31,156,78,0
26,141,59,0
25,163,77,0
19,180,63,1
17,197,67,1
37,169,79,0
27,155,56,0
37,151,63,0
27,194,62,1
28,181,64,1
33,147,57,0
31,161,75,0
28,144,66,0
30,144,59,0
18,173,61,1
18,199,63,1
27,166,61,1
33,140,64,0
20,183,66,1
23,144,71,0
31,160,62,0
37,171,56,0
33,138,70,0
19,191,71,1
24,160,72,0
24,146,65,0
26,164,72,0
23,196,61,1
28,176,72,1
35,172,75,0
29,178,74,1
22,169,65,1
27,185,69,1
28,189,74,1
20,178,67,1
35,168,61,0
34,137,55,0
26,178,65,1
24,195,71,1
24,132,58,0
23,170,70,1
25,175,72,1
33,145,58,0
35,141,60,0
23,186,74,1
30,144,74,0
32,169,59,0
30,132,66,0
26,173,61,1
22,181,63,1
25,194,72,1
21,182,70,1
17,189,64,1
16,198,74,1
36,139,76,0
23,138,66,0
23,154,69,0
17,175,72,1
26,189,67,1
23,169,68,1
24,168,71,1
25,178,67,1
26,183,73,1
35,173,73,0
19,197,70,1
29,174,72,1
26,190,62,1
30,165,68,0
25,133,78,0
34,156,65,0
22,178,64,1
24,183,65,1
29,170,75,1
33,153,69,0
28,158,55,0
22,178,68,1
18,178,70,1
27,170,61,1
22,170,63,1
29,178,77,0
28,163,74,0
24,147,55,0
17,167,66,1
37,164,72,0
16,173,63,1
29,152,65,0
24,176,74,1
19,167,68,1
27,141,76,0
17,177,64,1
24,176,60,1
26,183,66,1
29,174,74,1
26,185,62,1
24,145,69,0
27,168,78,0
19,167,64,1
38,142,59,0
32,169,73,0
24,137,61,0
33,138,61,0
29,145,79,0
25,171,67,1
31,138,64,0
24,172,62,1
28,169,73,1
25,194,74,1
29,183,67,1
28,175,67,1
24,164,79,0
25,151,74,0
17,186,70,1
28,182,68,1
26,166,64,1
39,147,55,0
27,138,69,0
33,177,71,0
22,168,74,1
29,170,73,1
32,171,76,0
25,170,73,1
35,154,62,0
27,175,69,1
23,176,71,1
23,175,64,1
29,183,65,1
29,176,70,1
20,186,71,1
22,183,69,1
26,185,73,1
20,183,69,1
25,173,78,0
24,185,64,1
20,176,69,1
37,153,74,0
34,142,69,0
28,178,61,1
34,175,71,0
17,187,72,1
29,142,68,0
18,184,68,1
24,182,70,1
30,166,79,0
16,180,61,1
37,144,65,0
29,146,56,0
19,192,63,1
32,167,55,0
29,142,56,0
37,158,69,0
21,185,71,1
26,169,67,1
35,149,61,0
22,182,64,1
27,173,63,1
17,193,67,1
16,199,73,1
18,185,70,1
28,181,63,1
26,191,69,1
21,188,63,1
27,173,63,1
35,178,58,0
24,172,67,1
23,148,57,0
39,166,58,0
36,154,62,0
25,154,63,0
25,172,56,0
25,174,63,1
33,149,74,0
27,186,71,1
23,173,69,1
23,182,74,1
37,139,66,0
33,139,63,0
24,136,67,0
30,168,71,0
29,171,68,1
35,167,72,0
33,139,75,0
23,137,65,0
17,196,74,1
16,167,69,1
37,158,78,0
28,140,78,0
23,178,65,1
23,175,75,1
39,161,75,0
36,153,64,0
27,198,67,1
26,183,66,1
25,183,74,1
20,194,61,1
29,136,73,0
24,167,78,0
26,172,67,1
29,175,64,1
17,189,66,1
22,194,63,1
23,149,64,0
28,138,62,0
29,150,75,0
20,190,71,1
36,167,60,0
25,169,66,1
36,175,57,0
21,189,71,1
25,149,61,0
26,161,77,0
28,188,66,1
28,179,73,1
20,194,73,1
31,133,61,0
26,185,74,1
26,176,78,0
31,164,76,0
17,182,72,1
22,180,74,1
25,182,65,1
18,180,71,1
29,183,70,1
25,174,61,1
35,166,60,0
31,149,74,0
28,157,78,0
23,166,62,1
32,177,78,0
35,147,60,0
26,135,77,0
23,167,66,1
29,162,72,0
32,145,71,0
27,133,60,0
27,188,64,1
30,145,56,0
22,187,67,1
30,135,72,0
18,167,61,1
20,188,68,1
35,163,61,0
18,195,74,1
17,176,64,1
23,195,69,1
22,178,70,1
38,141,67,0
24,169,73,1
21,190,64,1
33,175,68,0
16,167,70,1
19,175,66,1
19,180,73,1
18,191,62,1
18,170,69,1
21,191,68,1
35,175,67,0
24,191,73,1
25,179,61,1
39,167,59,0
24,178,69,1
33,171,65,0
27,181,61,1
21,195,66,1
27,162,75,0
19,170,65,1
17,173,67,1
21,179,65,1
17,195,73,1
29,138,57,0
18,176,70,1
34,174,60,0
29,164,67,0
18,178,74,1
27,172,69,1
29,145,69,0
30,150,65,0
36,155,58,0
29,152,61,0
28,199,74,1
36,166,78,0
29,194,74,1
18,191,66,1
26,181,67,1
26,151,57,0
35,150,58,0
27,160,61,0
23,137,73,0
26,190,65,1
36,167,63,0
25,181,66,1
17,198,61,1
29,169,73,1
30,146,69,0
24,174,70,1
16,166,66,1
24,133,62,0
19,179,72,1
26,173,66,1
26,198,70,1
35,168,66,0
26,155,77,0
22,196,62,1
26,143,64,0
33,132,68,0
37,176,71,0
25,150,69,0
29,198,69,1
36,167,57,0
27,137,57,0
23,169,70,1
20,193,67,1
36,148,63,0
23,167,70,1
28,173,63,1
21,193,70,1
22,170,72,1
34,170,71,0
29,177,67,1
19,196,66,1
26,187,66,1
28,143,55,0
27,166,74,1
20,183,70,1
33,156,60,0
20,169,73,1
39,170,57,0
24,151,56,0
31,135,62,0
35,169,58,0
20,181,61,1
20,194,66,1
30,175,78,0
18,170,63,1
36,168,74,0
37,155,74,0
39,142,63,0
36,160,64,0
16,185,72,1
20,193,73,1
23,180,74,1
36,153,64,0
17,193,63,1
28,157,61,0
23,180,71,1
19,178,70,1
33,139,59,0
22,185,66,1
34,147,69,0
25,142,76,0
25,176,72,1
27,183,72,1
28,192,68,1
36,164,55,0
26,187,71,1
29,175,61,1
26,175,74,1
26,171,68,1
26,142,67,0
19,174,63,1
37,173,61,0
21,169,66,1
24,192,62,1
30,173,65,0
30,145,58,0
16,193,73,1
17,174,70,1
33,172,76,0
23,166,72,1
24,170,68,1
26,182,71,1
29,176,74,1
28,191,69,1
28,173,70,1
39,134,60,0
26,192,63,1
18,183,68,1
19,197,70,1
30,171,70,0
33,150,75,0
24,140,63,0
27,147,79,0
29,175,59,0
17,195,62,1
24,164,65,0
19,190,69,1
23,140,73,0
23,194,64,1
31,173,59,0
32,142,79,0
28,167,71,1
22,184,72,1
18,193,69,1
16,185,71,1
27,196,74,1
19,176,63,1
33,153,73,0
35,145,63,0
20,167,69,1
36,159,64,0
21,170,64,1
17,195,72,1
16,197,73,1
27,179,73,1
18,198,63,1
30,154,58,0
37,164,67,0
39,160,77,0
36,173,55,0
26,163,79,0
20,169,68,1
23,169,55,0
24,196,66,1
32,132,74,0
24,165,66,1
18,171,68,1
34,139,60,0
37,159,63,0
37,155,71,0
27,133,78,0
23,197,69,1
24,157,68,0
32,154,62,0
34,148,76,0
28,190,71,1
34,137,57,0
33,142,74,0
32,139,61,0
34,168,74,0
27,167,57,0
23,191,71,1
34,141,76,0
24,148,63,0
17,168,63,1
38,134,55,0
25,169,67,1
17,192,65,1
18,192,68,1
28,185,66,1
39,174,60,0
23,170,74,1
20,180,70,1
28,158,67,0
37,159,60,0
31,151,74,0
27,134,78,0
21,197,72,1
23,138,61,0
29,179,57,0
29,156,73,0
27,181,72,1
18,180,67,1
36,156,61,0
37,175,72,0
33,155,74,0
22,186,63,1
33,139,59,0
29,188,74,1
27,170,72,1
17,192,67,1
32,144,66,0
18,191,62,1
37,150,73,0
31,178,61,0
30,153,59,0
24,188,67,1
16,182,73,1
29,196,70,1
29,184,72,1
20,199,63,1
33,133,74,0
19,185,67,1
32,156,76,0
22,183,74,1
37,136,78,0
29,176,73,1
39,169,74,0
39,159,55,0
36,170,56,0
27,176,66,1
26,195,65,1
28,185,67,1
24,173,74,1
25,171,66,1
21,174,61,1
26,192,74,1
31,160,70,0
26,198,69,1
36,148,79,0
37,178,74,0
27,158,71,0
22,186,68,1
25,181,68,1
19,175,73,1
30,157,60,0
18,170,61,1
21,185,69,1
31,179,62,0
25,145,55,0
29,166,61,1
23,144,57,0
28,182,63,1
24,187,62,1
29,178,74,1
28,175,67,1
23,179,71,1
36,148,65,0
32,148,58,0
36,179,62,0
30,149,56,0
30,139,57,0
29,179,55,0
21,186,72,1
24,176,65,1
37,178,61,0
20,189,64,1
22,175,72,1
20,193,64,1
30,159,72,0
28,183,72,1
29,170,69,1
23,163,65,0
39,153,69,0
29,142,66,0
27,144,57,0
28,173,63,1
30,176,72,0
25,144,63,0
19,195,62,1
34,146,73,0
36,145,77,0
34,148,70,0
34,166,62,0
26,157,59,0
27,138,72,0
24,185,61,1
26,193,74,1
37,178,60,0
34,172,60,0
24,192,73,1
31,176,63,0
21,183,70,1
21,190,72,1
35,175,71,0
23,174,75,1
37,144,58,0
27,185,65,1
31,140,63,0
27,166,62,1
30,137,66,0
26,133,64,0
22,196,65,1
23,195,72,1
30,174,68,0
20,185,73,1
37,153,76,0
25,183,64,1
24,171,70,1
25,176,62,1
37,132,63,0
35,161,79,0
19,187,72,1
37,163,69,0
29,184,68,1
18,175,66,1
33,142,79,0
22,185,68,1
33,147,62,0
37,163,72,0
17,176,73,1
28,182,61,1
19,193,74,1
35,164,66,0
19,177,61,1
30,151,67,0
20,172,64,1
23,153,74,0
27,182,68,1
37,175,65,0
34,146,57,0
21,170,68,1
16,173,68,1
30,148,60,0
25,194,65,1
28,175,57,0
33,155,65,0
20,188,68,1
32,144,73,0
39,141,72,0
34,141,67,0
30,148,77,0
28,174,69,1
29,192,66,1
35,142,57,0
39,157,58,0
24,140,76,0
26,151,55,0
25,191,72,1
26,185,72,1
28,168,62,1
20,185,68,1
23,144,62,0
29,149,63,0
25,173,59,0
31,142,65,0
27,183,71,1
23,193,70,1
32,159,78,0
22,180,68,1
29,174,62,1
38,159,75,0
36,173,77,0
17,198,64,1
17,187,68,1
23,168,77,0
32,136,66,0
33,141,65,0
21,198,71,1
18,171,68,1
19,172,70,1
37,169,64,0
29,149,78,0
35,134,63,0
17,199,68,1
20,197,64,1
24,197,68,1
19,191,71,1
32,152,74,0
37,167,64,0
28,173,71,1
20,171,64,1
30,134,74,0
23,143,79,0
23,147,63,0
26,177,70,1
27,156,78,0
33,166,63,0
38,157,71,0
31,154,76,0
28,167,70,1
21,167,74,1
28,197,71,1
32,178,67,0
27,174,71,1
28,187,71,1
26,163,79,0
20,187,73,1
21,170,65,1
25,176,68,1
36,165,61,0
23,175,67,1
25,186,71,1
36,159,59,0
17,189,74,1
38,161,79,0
29,176,63,1
32,156,55,0
33,168,77,0
29,155,63,0
18,194,66,1
25,190,72,1
24,159,62,0
31,135,61,0
27,177,65,1
16,183,63,1
25,150,58,0
24,169,68,1
39,150,66,0
27,178,65,1
36,143,65,0
20,189,74,1
32,134,60,0
31,148,59,0
20,180,61,1
29,144,57,0
33,145,66,0
25,185,68,1
32,156,59,0
30,142,61,0
27,168,76,0
24,138,57,0
26,193,62,1
34,137,78,0
38,134,64,0
26,185,70,1
23,174,66,1
23,148,76,0
38,178,60,0
31,165,68,0
34,147,58,0
21,186,64,1
30,162,77,0
25,138,79,0
30,133,68,0
20,194,71,1
33,138,61,0
19,184,72,1
32,173,79,0
16,198,70,1
29,177,62,1
21,172,74,1
23,193,69,1
22,184,74,1
38,152,57,0
17,183,72,1
26,179,70,1
29,184,63,1
23,179,62,1
39,176,61,0
28,189,71,1
25,169,64,1
27,182,63,1
20,185,67,1
22,169,64,1
19,168,61,1
36,142,71,0
33,163,78,0
18,197,65,1
29,196,62,1
28,174,67,1
38,162,64,0
34,139,62,0
21,186,67,1
23,149,79,0
23,146,77,0
21,180,67,1
16,194,68,1
38,162,79,0
38,174,63,0
20,175,62,1
29,140,68,0
23,146,71,0
22,189,70,1
29,191,69,1
24,177,63,1
29,198,73,1
30,174,73,0
18,178,62,1
16,183,63,1
26,153,62,0
21,171,62,1
24,159,75,0
24,147,78,0
28,141,67,0
20,181,73,1
24,183,64,1
29,138,70,0
23,173,73,1
32,150,66,0
28,199,62,1
24,196,61,1
38,173,61,0
37,144,78,0
21,191,63,1
20,197,68,1
16,177,70,1
39,168,70,0
25,176,66,1
34,146,70,0
20,191,72,1
20,189,71,1
26,145,68,0
28,173,66,1
19,168,69,1
24,162,58,0
33,166,79,0
21,181,66,1
22,184,63,1
25,132,75,0
38,149,70,0
17,195,64,1
29,183,73,1
26,178,64,1
29,170,56,0
30,156,68,0
34,164,66,0
29,176,66,1
28,168,61,1
26,193,73,1
36,153,55,0
34,157,62,0
23,174,74,1
28,142,56,0
35,164,60,0
25,179,77,0
29,140,77,0
35,172,70,0
19,195,63,1
24,152,64,0
28,181,68,1
37,149,55,0
18,175,65,1
17,197,70,1
21,182,67,1
26,149,55,0
17,183,61,1
19,177,64,1
34,150,75,0
26,155,70,0
27,185,65,1
29,153,64,0
26,141,75,0
35,153,66,0
17,186,62,1
30,160,55,0
24,177,71,1
34,161,72,0
36,168,60,0
39,174,62,0
22,171,70,1
16,198,67,1
36,177,63,0
31,177,68,0
39,176,63,0
19,196,74,1
22,199,67,1
27,183,74,1
32,134,78,0
20,186,74,1
20,180,71,1
25,177,65,1
22,197,70,1
34,176,68,0
28,189,66,1
31,141,79,0
24,172,79,0
18,167,68,1
28,174,72,1
23,199,64,1
24,182,62,1
27,177,64,1
33,169,65,0
16,181,64,1
25,174,71,1
25,153,59,0
28,152,74,0
19,198,70,1
26,173,72,1
29,197,71,1
34,158,64,0
24,178,79,0
23,176,59,0
33,148,61,0
28,196,68,1
27,152,64,0
23,144,70,0
35,179,79,0
24,167,62,1
27,184,73,1
29,156,56,0
30,150,56,0
28,174,77,0
23,174,67,1
29,132,63,0
24,190,63,1
22,192,72,1
39,177,71,0
23,152,61,0
23,194,62,1
33,145,62,0
23,152,62,0
19,190,64,1
28,134,73,0
36,158,68,0
23,178,64,1
30,137,74,0
20,170,69,1
27,187,74,1
22,174,68,1
28,168,70,1
38,177,72,0
30,167,66,0
32,141,67,0
39,140,76,0
30,161,69,0
20,169,72,1
21,174,70,1
25,193,71,1
24,196,71,1
24,164,72,0
25,174,73,1
30,146,70,0
17,188,63,1
35,159,68,0
32,132,64,0
34,177,68,0
22,185,72,1
28,167,64,1
27,179,55,0
39,158,67,0
25,166,63,1
21,178,61,1
32,165,67,0
17,178,74,1
32,147,69,0
28,194,61,1
24,148,67,0
24,193,62,1
17,183,66,1
28,159,57,0
27,160,69,0
24,174,66,1
28,167,65,1
25,171,61,1
21,191,66,1
26,174,72,1
29,185,69,1
18,176,74,1
26,136,57,0
38,171,62,0
18,193,63,1
21,193,67,1
20,179,67,1
38,166,60,0
38,154,67,0
27,188,72,1
22,172,68,1
26,171,71,1
22,183,62,1
23,190,71,1
35,140,72,0
29,164,75,0
27,151,65,0
28,150,78,0
21,177,72,1
29,192,73,1
24,139,73,0
16,193,65,1
26,172,63,1
27,173,62,1
26,152,55,0
32,132,65,0
29,166,61,1
39,156,70,0
35,153,60,0
16,180,70,1
30,132,77,0
25,188,62,1
34,173,77,0
28,194,64,1
29,196,66,1
30,142,57,0
33,137,71,0
33,174,56,0
16,189,64,1
26,188,70,1
26,170,69,1
31,138,56,0
28,162,64,0
31,166,59,0
25,164,58,0
24,198,71,1
24,191,65,1
16,185,64,1
22,195,70,1
20,189,64,1
21,196,65,1
30,178,61,0
37,154,79,0
18,178,67,1
20,179,74,1
24,199,66,1
27,197,62,1
19,199,73,1
24,177,77,0
31,151,73,0
20,192,66,1
24,183,72,1
28,136,65,0
25,192,70,1
18,169,66,1
36,154,79,0
16,166,62,1
27,168,74,1
24,172,71,1
31,174,62,0
36,152,60,0
28,169,74,1
26,147,59,0
28,199,63,1
31,166,79,0
33,145,61,0
22,180,65,1
19,174,74,1
33,140,76,0
18,174,69,1
33,165,65,0
28,171,64,1
32,138,57,0
29,133,79,0
22,187,64,1
39,178,66,0
23,196,67,1
35,148,74,0
18,174,67,1
30,161,77,0
23,135,56,0
38,162,74,0
21,170,61,1
26,198,68,1
21,194,69,1
26,186,74,1
31,177,56,0
17,199,61,1
16,179,68,1
21,167,68,1
35,135,59,0
30,150,55,0
26,186,64,1
37,170,63,0
18,186,66,1
19,197,62,1
33,150,69,0
24,192,66,1
26,177,71,1
20,199,72,1
35,168,75,0
27,194,72,1
20,177,61,1
24,199,72,1
22,167,71,1
22,197,66,1
25,139,78,0
25,198,66,1
33,161,71,0
21,188,73,1
26,166,63,1
16,189,73,1
33,150,77,0
24,166,58,0
30,160,64,0
33,135,78,0
18,170,73,1
25,176,64,1
17,192,65,1
39,135,64,0
21,168,64,1
23,169,58,0
23,192,73,1
23,183,73,1
25,149,78,0
24,159,71,0
24,170,72,1
24,160,75,0
35,167,60,0
30,141,65,0
19,182,72,1
19,173,65,1
21,166,72,1
28,162,63,0
24,186,72,1
34,153,62,0
22,174,64,1
28,193,65,1
28,176,63,1
20,195,61,1
30,167,68,0
28,138,69,0
20,182,74,1
23,148,79,0
25,185,65,1
21,194,66,1
24,190,64,1
27,177,61,1
18,199,62,1
32,178,73,0
34,147,64,0
20,199,67,1
27,182,73,1
35,163,60,0
25,162,58,0
27,137,78,0
22,179,68,1
17,184,71,1
16,194,61,1
25,193,65,1
27,173,70,1
34,137,56,0
26,151,77,0
33,162,55,0
27,174,68,1
24,152,65,0
28,169,62,1
19,181,64,1
25,183,74,1
17,172,69,1
26,174,61,1
21,181,69,1
39,177,77,0
32,171,71,0
18,192,74,1
22,191,62,1
32,133,77,0
20,172,67,1
34,160,68,0
18,182,70,1
39,174,71,0
23,142,73,0
26,199,64,1
31,173,75,0
25,196,70,1
39,162,59,0
25,175,66,1
37,156,73,0
29,144,68,0
31,174,62,0
36,133,63,0
26,174,74,1
19,199,72,1
17,187,64,1
24,141,58,0
38,133,75,0
16,167,69,1
37,157,75,0
25,138,77,0
26,183,71,1
27,157,68,0
29,197,71,1
20,195,69,1
25,146,59,0
28,179,70,1
23,178,57,0
16,181,61,1
23,166,74,1
21,181,74,1
26,174,72,1
35,142,70,0
38,176,77,0
29,142,78,0
16,184,63,1
28,179,72,1
24,143,61,0
32,152,61,0
19,196,65,1
26,146,66,0
23,142,65,0
28,179,74,1
28,184,69,1
28,136,59,0
17,177,61,1
21,182,65,1
27,136,58,0
19,171,71,1
39,162,59,0
26,160,72,0
36,165,78,0
39,174,56,0
25,161,66,0
18,175,74,1
26,191,63,1
28,174,68,1
29,141,57,0
27,154,75,0
18,167,71,1
18,180,74,1
33,135,79,0
37,143,74,0
31,158,59,0
37,155,61,0
24,174,74,1
24,179,62,1
37,146,68,0
25,135,59,0
32,155,57,0
38,137,72,0
23,172,73,1
24,166,64,1
27,187,73,1
29,147,76,0
24,191,64,1
28,174,63,1
37,173,70,0
28,180,61,1
24,182,67,1
32,145,58,0
19,168,73,1
18,166,64,1
26,189,67,1
20,191,66,1
19,198,66,1
22,175,68,1
31,178,67,0
23,187,68,1
31,133,66,0
34,154,66,0
27,181,73,1
23,198,63,1
29,199,66,1
23,179,70,1
26,155,56,0
33,156,58,0
28,134,71,0
19,197,74,1
29,198,63,1
28,198,61,1
21,183,61,1
18,182,72,1
26,187,62,1
19,187,61,1
33,162,74,0
22,187,61,1
29,158,59,0
19,188,61,1
26,168,59,0
19,196,73,1
17,195,66,1
18,189,64,1
20,189,67,1
37,178,55,0
26,144,68,0
29,155,74,0
26,188,61,1
29,159,77,0
16,169,63,1
28,186,74,1
28,176,61,1
29,182,72,1
28,179,68,1
36,138,74,0
27,195,61,1
36,143,66,0
20,177,70,1
25,198,63,1
29,173,58,0
25,168,74,1
16,188,63,1
23,191,62,1
38,146,78,0
29,134,73,0
27,176,74,1
33,174,67,0
28,168,57,0
23,192,74,1
32,138,74,0
23,193,74,1
38,160,75,0
26,198,70,1
34,162,57,0
23,155,73,0
39,148,65,0
24,133,65,0
29,175,62,1
23,194,72,1
34,149,75,0
25,187,68,1
26,141,65,0
21,193,70,1
31,146,76,0
37,152,58,0
24,154,69,0
24,191,73,1
24,167,72,1
24,168,65,1
29,171,62,1
19,168,68,1
21,192,71,1
36,147,78,0
37,135,68,0
19,179,62,1
27,178,58,0
26,189,68,1
17,189,67,1
33,146,79,0
26,188,69,1
25,188,62,1
24,179,74,1
27,160,69,0
20,185,66,1
38,153,59,0
23,178,58,0
27,153,58,0
24,180,64,1
28,153,56,0
27,185,65,1
24,147,73,0
33,172,64,0
38,135,71,0
18,166,62,1
38,159,75,0
25,176,66,1
16,166,73,1
33,173,78,0
28,160,76,0
18,194,63,1
26,167,62,1
23,161,74,0
26,156,59,0
37,155,66,0
31,169,65,0
27,134,72,0
34,154,76,0
30,142,57,0
23,149,60,0
35,140,67,0
32,163,55,0
30,145,76,0
24,187,63,1
30,165,72,0
17,188,63,1
20,192,63,1
17,195,62,1
36,173,62,0
24,146,71,0
28,188,70,1
21,168,62,1
23,176,70,1
26,194,65,1
36,135,75,0
24,133,58,0
23,185,65,1
28,188,63,1
20,197,63,1
39,137,58,0
17,179,73,1
38,152,79,0
24,166,66,1
18,171,62,1
29,172,64,1
35,149,59,0
27,144,66,0
38,138,66,0
38,177,78,0
37,163,66,0
26,138,56,0
32,138,79,0
35,177,69,0
28,196,73,1
26,150,69,0
37,179,75,0
29,198,70,1
25,193,69,1
30,142,68,0
18,170,69,1
23,185,67,1
23,177,79,0
16,170,70,1
27,146,78,0
18,179,66,1
30,169,76,0
27,169,72,1
33,172,56,0
26,169,65,1
26,169,65,1
23,192,69,1
37,169,55,0
17,187,70,1
22,182,64,1
39,136,73,0
37,133,69,0
21,173,74,1
35,149,74,0
26,182,61,1
17,166,72,1
33,145,60,0
30,153,74,0
20,179,74,1
20,173,61,1
26,132,75,0
24,148,61,0
37,159,78,0
25,137,73,0
27,186,72,1
36,140,63,0
38,147,57,0
19,168,68,1
27,173,56,0
37,169,70,0
20,174,70,1
35,173,60,0
28,143,67,0
38,143,70,0
35,135,66,0
25,193,66,1
25,175,67,1
28,185,70,1
27,156,70,0
25,178,55,0
22,184,68,1
26,183,71,1
24,173,63,1
35,133,71,0
29,191,70,1
29,148,74,0
26,142,71,0
34,133,73,0
23,178,78,0
26,174,61,1
23,184,62,1
28,179,61,1
28,194,63,1
38,137,64,0
17,168,64,1
36,149,67,0
24,179,64,1
25,171,66,1
35,155,64,0
29,170,74,1
27,176,72,1
23,177,63,1
39,152,55,0
23,176,65,1
39,176,61,0
24,141,58,0
16,196,71,1
27,176,64,1
19,184,63,1
30,176,73,0
18,197,61,1
29,179,72,1
30,149,64,0
29,170,69,1
37,164,75,0
21,196,72,1
18,176,66,1
38,149,57,0
39,151,76,0
29,187,65,1
37,152,67,0
19,170,64,1
19,191,73,1
30,174,72,0
24,155,71,0
26,176,56,0
19,175,69,1
39,148,65,0
26,144,65,0
23,181,67,1
38,149,59,0
25,159,77,0
25,193,69,1
19,166,64,1
20,178,68,1
26,183,74,1
17,190,71,1
24,139,55,0
21,186,64,1
28,170,62,1
21,180,74,1
28,169,61,1
36,145,70,0
38,158,57,0
37,136,73,0
29,173,59,0
25,177,74,1
20,169,72,1
25,181,69,1
21,188,69,1
22,189,62,1
25,181,71,1
18,185,65,1
35,176,77,0
23,195,64,1
18,189,73,1
28,169,59,0
32,147,64,0
23,175,73,1
33,178,74,0
24,172,71,1
16,171,67,1
21,195,62,1
29,149,59,0
26,170,73,1
36,140,67,0
17,182,61,1
21,195,64,1
36,168,72,0
21,181,67,1
24,161,66,0
22,183,65,1
20,175,62,1
25,196,64,1
19,166,63,1
26,185,67,1
29,170,65,1
22,174,66,1
26,153,64,0
37,135,78,0
32,140,76,0
27,183,68,1
19,190,62,1
37,168,55,0
26,184,74,1
18,196,68,1
30,163,72,0
31,164,62,0
37,148,67,0
19,168,71,1
28,173,78,0
27,135,67,0
22,188,71,1
21,191,70,1
25,181,71,1
24,196,69,1
21,190,62,1
26,172,64,1
22,188,72,1
25,132,65,0
29,159,56,0
19,199,72,1
25,145,67,0
21,168,62,1
27,194,70,1
20,174,65,1
19,168,63,1
24,174,69,1
24,163,62,0
31,178,78,0
24,174,72,1
24,199,69,1
22,191,62,1
25,150,65,0
26,175,68,1
21,172,67,1
32,178,79,0
26,151,63,0
24,165,56,0
19,179,67,1
25,153,75,0
27,187,71,1
27,178,74,1
21,197,74,1
30,174,66,0
18,199,65,1
32,170,70,0
35,176,74,0
39,169,60,0
23,187,71,1
29,177,71,1
17,166,66,1
23,133,61,0
21,197,74,1
36,172,72,0
32,157,73,0
30,155,68,0
27,149,58,0
16,195,70,1
27,179,67,1
24,187,65,1
37,149,56,0
33,147,59,0
27,157,55,0
24,149,56,0
19,189,70,1
16,188,68,1
28,175,72,1
34,141,77,0
27,158,75,0
36,137,58,0
23,174,73,1
22,172,62,1
28,193,71,1
23,196,74,1
23,132,78,0
24,184,61,1
16,183,66,1
25,150,72,0
19,175,65,1
23,193,64,1
37,141,69,0
18,175,66,1
20,178,69,1
28,185,67,1
20,182,71,1
28,173,72,1
27,168,64,1
21,175,74,1
29,168,74,1
20,197,74,1
17,184,74,1
32,159,61,0
34,146,55,0
25,176,62,1
26,177,73,1
26,143,79,0
29,173,64,1
28,132,64,0
32,170,60,0
21,169,72,1
18,182,70,1
29,195,71,1
26,140,75,0
23,175,75,1
36,141,78,0
35,143,63,0
27,196,66,1
30,159,77,0
31,179,69,0
31,145,60,0
25,154,73,0
23,144,78,0
27,175,61,1
25,167,72,1
21,171,74,1
24,170,66,1
17,187,67,1
33,143,73,0
33,137,67,0
21,166,74,1
17,183,61,1
21,184,67,1
21,196,71,1
38,167,64,0
27,166,76,0
27,162,66,0
30,171,63,0
21,189,61,1
33,145,78,0
19,190,64,1
39,179,68,0
34,151,78,0
36,137,59,0
17,166,68,1
18,170,67,1
18,190,74,1
26,134,66,0
37,171,67,0
37,162,59,0
16,199,64,1
26,168,63,1
28,137,55,0
25,173,61,1
29,186,68,1
32,176,75,0
23,188,66,1
32,175,56,0
38,169,60,0
29,170,67,1
27,175,61,1
18,168,73,1
33,140,61,0
22,170,66,1
36,153,65,0
31,177,58,0
20,173,67,1
33,175,79,0
36,174,63,0
16,168,70,1
33,175,71,0
23,177,65,1
29,192,63,1
17,191,73,1
29,196,61,1
23,167,74,1
31,152,75,0
24,167,79,0
33,139,57,0
24,188,72,1
29,195,70,1
21,179,74,1
26,173,69,1
18,174,69,1
34,147,58,0
36,162,59,0
29,178,64,1
28,148,69,0
20,198,68,1
23,188,73,1
29,156,68,0
25,149,71,0
39,175,68,0
28,192,72,1
29,155,58,0
29,195,69,1
19,183,74,1
33,132,61,0
31,179,74,0
24,166,72,1
17,187,71,1
26,197,64,1
35,150,78,0
27,180,67,1
30,135,78,0
21,196,65,1
27,198,63,1
36,141,71,0
39,147,79,0
21,187,74,1
23,166,61,1
24,175,75,1
25,185,72,1
32,173,72,0
27,186,65,1
24,172,72,1
19,196,65,1
25,148,56,0
25,182,72,1
26,183,72,1
18,187,68,1
23,133,70,0
33,141,63,0
18,193,66,1
22,171,64,1
21,191,73,1
29,192,73,1
38,170,58,0
27,169,68,1
31,167,58,0
23,181,65,1
23,139,56,0
19,182,72,1
23,193,71,1
27,167,72,1
25,174,61,1
26,152,75,0
25,191,64,1
33,173,62,0
33,177,67,0
29,185,67,1
28,142,57,0
20,199,71,1
26,180,61,1
24,181,64,1
28,177,66,1
34,152,63,0
26,187,68,1
28,169,66,1
26,178,67,1
23,169,72,1
19,184,65,1
34,151,79,0
28,162,71,0
27,195,71,1
23,177,72,1
21,183,67,1
20,188,66,1
22,174,68,1
25,145,78,0
19,177,68,1
18,194,71,1
27,172,70,1
27,194,73,1
20,172,70,1
25,175,73,1
38,177,74,0
23,159,79,0
31,146,62,0
36,170,72,0
29,155,79,0
29,169,73,1
26,163,63,0
34,135,63,0
33,141,61,0
37,154,70,0
34,171,73,0
24,160,66,0
23,169,60,1
27,196,65,1
37,137,70,0
37,155,71,0
26,177,67,1
19,183,66,1
28,179,73,1
36,156,75,0
37,159,65,0
26,178,69,1
39,135,79,0
36,146,75,0
31,171,75,0
17,169,71,1
17,199,67,1
23,176,78,0
26,172,72,1
39,140,65,0
39,143,78,0
31,176,71,0
34,144,78,0
39,133,68,0
27,174,55,0
22,174,72,1
27,190,70,1
24,145,72,0
31,169,66,0
20,198,63,1
38,179,59,0
29,183,67,1
19,183,63,1
21,195,68,1
34,159,77,0
24,152,55,0
25,148,62,0
23,195,65,1
24,147,72,0
17,183,63,1
29,175,66,1
27,139,71,0
36,145,70,0
27,193,73,1
29,133,61,0
27,182,68,1
26,157,67,0
25,175,64,1
27,175,58,0
32,172,73,0
29,167,64,1
30,139,75,0
19,172,70,1
23,176,63,1
33,179,69,0
21,171,74,1
16,174,73,1
32,141,58,0
24,195,74,1
25,172,72,1
21,176,69,1
21,170,65,1
33,144,55,0
23,186,69,1
34,172,79,0
19,183,65,1
23,190,69,1
33,145,60,0
26,190,65,1
35,139,69,0
39,146,74,0
20,167,69,1
24,171,70,1
21,182,72,1
17,168,71,1
25,157,73,0
17,185,74,1
39,148,57,0
26,188,69,1
18,185,66,1
26,145,56,0
20,192,69,1
27,170,62,1
19,197,66,1
22,179,62,1
28,166,67,1
39,160,79,0
16,170,68,1
33,148,64,0
32,145,60,0
20,182,63,1
20,186,72,1
23,191,70,1
36,148,73,0
34,139,67,0
23,149,69,0
20,178,68,1
22,179,71,1
39,143,63,0
27,183,68,1
28,193,65,1
25,189,74,1
25,171,67,1
26,139,55,0
21,182,67,1
23,189,64,1
21,180,61,1
25,150,74,0
31,157,58,0
16,187,63,1
25,142,68,0
16,197,67,1
23,141,77,0
18,180,61,1
37,146,58,0
26,181,63,1
19,192,68,1
32,151,79,0
28,193,65,1
29,192,69,1
27,152,73,0
24,166,71,1
37,177,66,0
24,167,71,1
28,185,73,1
29,153,78,0
37,173,65,0
24,176,77,0
21,169,67,1
38,161,63,0
39,157,67,0
25,196,67,1
17,196,73,1
36,138,56,0
23,167,68,1
22,189,64,1
39,152,77,0
26,167,72,1
23,198,71,1
24,173,70,1
35,157,74,0
25,169,68,1
23,199,63,1
29,135,70,0
33,179,68,0
27,190,65,1
28,189,72,1
37,134,66,0
23,160,64,0
24,184,71,1
21,170,63,1
30,169,55,0
21,174,69,1
39,176,75,0
37,133,67,0
27,153,74,0
28,176,74,1
24,178,76,0
17,181,61,1
24,148,77,0
28,133,73,0
25,168,71,1
17,193,71,1
16,171,69,1
26,191,64,1
34,178,75,0
37,178,71,0
18,181,69,1
25,199,65,1
24,174,65,1
28,156,65,0
20,192,68,1
24,176,71,1
35,168,71,0
38,176,75,0
18,185,74,1
25,173,75,1
27,150,75,0
36,168,61,0
24,188,69,1
36,167,67,0
26,176,73,1
36,162,57,0
23,182,72,1
16,177,70,1
24,147,69,0
35,165,74,0
28,174,68,1
26,139,58,0
37,137,59,0
25,165,73,1
36,134,78,0
18,172,69,1
22,184,68,1
25,181,62,1
20,166,64,1
38,137,75,0
23,137,69,0
26,198,62,1
38,175,65,0
26,160,76,0
34,155,78,0
32,150,79,0
18,193,63,1
24,145,65,0
17,199,61,1
16,189,72,1
23,194,69,1
26,171,57,0
31,163,63,0
28,189,64,1
21,181,70,1
31,148,62,0
35,168,57,0
24,157,70,0
37,136,59,0
28,171,70,1
28,155,64,0
30,143,69,0
19,193,68,1
29,193,66,1
22,197,61,1
28,173,65,1
37,178,70,0
28,180,69,1
28,191,61,1
26,190,70,1
29,161,69,0
38,178,61,0
24,167,73,1
23,180,65,1
25,166,62,1
16,188,65,1
39,158,62,0
29,194,72,1
24,155,74,0
27,168,70,1
28,195,64,1
30,154,76,0
38,157,63,0
39,171,72,0
24,192,66,1
33,139,67,0
38,147,75,0
16,189,61,1
24,172,55,0
26,166,60,1
29,151,72,0
17,193,74,1
22,199,71,1
29,173,73,1
27,136,79,0
25,186,62,1
39,154,68,0
28,170,73,1
36,145,61,0
35,145,68,0
29,184,63,1
32,172,70,0
39,172,65,0
32,137,62,0
23,188,67,1
21,169,70,1
23,191,64,1
35,132,79,0
16,192,71,1
32,172,77,0
24,185,70,1
33,172,79,0
27,141,56,0
32,161,72,0
35,174,66,0
24,192,61,1
28,172,74,1
18,184,61,1
38,148,56,0
29,174,58,0
39,157,55,0
26,172,73,1
23,149,55,0
31,145,68,0
33,157,77,0
25,193,68,1
22,196,72,1
24,135,74,0
35,140,60,0
29,137,55,0
37,179,56,0
35,174,59,0
18,191,67,1
28,198,64,1
32,141,65,0
28,195,68,1
34,141,58,0
26,176,73,1
33,159,72,0
38,146,75,0
26,151,73,0
28,198,68,1
36,136,60,0
27,170,67,1
18,180,67,1
29,175,67,1
27,186,69,1
27,187,65,1
28,167,65,1
29,149,72,0
29,171,55,0
31,166,63,0
23,178,72,1
21,175,72,1
18,189,62,1
35,146,77,0
35,145,79,0
20,183,68,1
21,188,65,1
32,141,61,0
21,176,62,1
34,154,61,0
26,193,61,1
35,169,74,0
37,133,75,0
38,155,79,0
26,197,62,1
22,173,68,1
22,168,62,1
34,144,74,0
23,169,69,1
23,184,69,1
35,146,68,0
29,155,68,0
38,165,57,0
39,166,69,0
19,196,67,1
18,176,66,1
25,133,70,0
18,184,70,1
38,144,63,0
38,139,73,0
27,175,74,1
28,173,68,1
27,167,64,1
20,178,65,1
31,147,65,0
24,134,73,0
18,171,61,1
34,177,65,0
16,178,73,1
17,180,61,1
28,149,61,0
29,177,68,1
26,152,68,0
27,170,69,1
23,168,59,0
24,142,66,0
31,152,61,0
28,176,72,1
30,144,67,0
23,173,65,1
35,169,71,0
18,189,74,1
29,198,69,1
27,176,66,1
36,156,64,0
29,174,68,1
37,177,72,0
29,140,64,0
25,170,65,1
24,186,62,1
17,176,74,1
36,176,56,0
17,190,67,1
28,166,67,1
24,172,61,1
23,169,73,1
32,179,62,0
25,135,74,0
37,133,72,0
24,171,64,1
21,183,66,1
25,187,66,1
17,180,65,1
28,166,71,1
21,184,69,1
29,173,67,1
27,170,79,0
27,174,68,1
20,173,66,1
19,177,66,1
20,195,72,1
19,186,71,1
31,142,77,0
27,187,72,1
24,167,57,0
17,193,69,1
16,183,69,1
27,161,74,0
34,139,73,0
17,180,69,1
35,153,79,0
35,160,62,0
23,147,64,0
33,160,73,0
27,141,74,0
17,170,65,1
38,135,62,0
27,173,64,1
25,160,62,0
32,143,59,0
24,179,64,1
28,166,68,1
16,191,68,1
29,170,72,1
16,186,69,1
36,136,78,0
28,167,76,0
19,170,63,1
39,135,66,0
21,171,63,1
20,195,69,1
29,162,74,0
27,192,73,1
18,178,61,1
28,163,75,0
25,195,64,1
25,146,68,0
36,164,68,0
32,142,68,0
25,141,68,0
28,189,71,1
25,169,69,1
21,175,70,1
23,177,68,1
26,190,62,1
24,166,72,1
22,184,61,1
37,150,75,0
16,199,68,1
17,167,73,1
26,191,61,1
39,149,71,0
27,189,61,1
19,168,66,1
27,157,70,0
28,151,78,0
26,186,74,1
27,183,65,1
37,160,70,0
18,193,62,1
30,168,71,0
27,153,64,0
34,147,74,0
25,170,71,1
28,135,69,0
18,181,61,1
17,192,70,1
24,172,70,1
31,150,62,0
32,161,73,0
39,152,74,0
32,141,56,0
17,168,72,1
34,157,69,0
30,164,77,0
17,186,67,1
29,186,71,1
32,146,57,0
28,184,70,1
24,149,73,0
31,171,73,0
24,173,62,1
20,193,65,1
39,142,76,0
24,177,73,1
32,148,71,0
27,167,65,1
33,159,79,0
23,172,56,0
25,170,77,0
29,178,59,0
18,169,65,1
28,194,65,1
22,179,63,1
20,182,64,1
25,186,64,1
29,183,61,1
39,140,79,0
29,161,66,0
25,153,77,0
27,175,71,1
28,193,71,1
38,164,62,0
23,193,69,1
39,144,77,0
26,142,79,0
28,199,62,1
39,141,58,0
26,180,73,1
17,195,65,1
25,156,62,0
17,189,68,1
21,194,68,1
27,188,71,1
39,166,71,0
18,194,61,1
27,168,58,0
29,178,73,1
16,180,74,1
25,167,71,1
19,170,66,1
35,149,63,0
34,138,55,0
16,175,73,1
28,180,65,1
28,178,66,1
29,179,77,0
35,139,58,0
27,164,66,0
35,162,77,0
36,177,59,0
39,133,76,0
32,140,73,0
23,173,64,1
29,183,65,1
25,179,72,1
17,194,65,1
20,198,64,1
27,178,71,1
29,150,56,0
34,168,62,0
27,184,61,1
19,174,71,1
24,171,79,0
25,155,78,0
37,136,60,0
16,168,68,1
25,191,72,1
24,177,65,1
24,184,67,1
25,179,64,1
36,149,62,0
25,195,71,1
35,177,55,0
24,191,74,1
19,182,69,1
38,163,67,0
23,170,63,1
39,145,76,0
27,196,65,1
23,148,74,0
17,184,64,1
27,191,74,1
39,147,78,0
27,153,59,0
23,160,73,0
20,180,61,1
26,184,61,1
32,147,73,0
25,165,69,1
23,177,67,1
27,174,68,1
26,142,76,0
32,157,67,0
31,145,73,0
20,185,61,1
20,170,69,1
30,163,56,0
35,157,71,0
28,138,64,0
29,165,76,0
28,170,61,1
16,194,65,1
28,175,72,1
29,161,79,0
25,138,68,0
23,173,61,1
37,173,70,0
19,192,71,1
38,151,55,0
31,140,59,0
18,173,65,1
20,197,73,1
37,158,69,0
31,138,56,0
19,195,69,1
28,169,63,1
34,176,75,0
22,199,70,1
25,157,60,0
31,135,67,0
29,168,76,0
26,134,74,0
24,156,64,0
28,184,74,1
38,145,66,0
25,180,63,1
17,168,61,1
29,182,69,1
22,179,61,1
25,168,69,1
26,157,73,0
26,141,69,0
19,185,61,1
29,175,68,1
28,133,70,0
29,175,72,1
23,173,70,1
34,157,70,0
24,173,61,1
27,161,69,0
33,143,74,0
32,174,79,0
39,161,66,0
33,177,62,0
31,158,73,0
23,190,64,1
28,172,63,1
18,199,62,1
32,136,69,0
25,172,68,1
20,198,65,1
23,162,64,0
19,166,69,1
33,152,55,0
24,174,62,1
39,169,59,0
27,195,66,1
28,167,67,1
29,144,63,0
24,159,77,0
24,191,62,1
29,146,76,0
27,150,64,0
28,173,78,0
27,148,69,0
28,197,62,1
27,151,55,0
27,159,66,0
20,176,66,1
28,167,71,1
33,167,78,0
26,189,72,1
26,150,66,0
22,198,65,1
29,178,78,0
30,164,79,0
36,165,58,0
21,179,66,1
39,162,63,0
38,168,77,0
39,153,70,0
28,161,73,0
21,198,72,1
29,183,65,1
23,177,59,0
16,191,69,1
23,197,63,1
21,180,61,1
17,173,71,1
24,168,71,1
34,150,74,0
16,171,66,1
30,169,75,0
27,195,66,1
31,132,79,0
28,156,56,0
30,147,62,0
29,172,68,1
23,171,73,1
30,173,56,0
23,150,56,0
25,190,70,1
20,193,68,1
24,184,72,1
28,168,71,1
28,190,63,1
27,184,72,1
36,142,69,0
21,192,67,1
24,156,57,0
21,171,74,1
24,138,78,0
24,164,56,0
38,155,69,0
16,170,65,1
25,141,64,0
28,156,65,0
16,193,73,1
30,154,67,0
28,188,64,1
22,194,66,1
30,157,79,0
25,154,60,0
33,142,70,0
25,132,57,0
30,176,64,0
23,197,68,1
27,150,71,0
16,183,68,1
18,179,61,1
33,174,57,0
33,150,59,0
24,172,77,0
17,179,62,1
26,166,59,0
25,132,60,0
28,143,66,0
28,159,69,0
30,179,57,0
23,169,64,1
35,133,71,0
28,177,64,1
29,175,72,1
39,176,77,0
29,148,64,0
17,192,64,1
25,148,60,0
27,170,73,1
27,146,60,0
27,197,73,1
35,175,79,0
27,186,68,1
17,166,62,1
16,189,73,1
32,170,68,0
18,185,61,1
39,174,67,0
26,194,74,1
34,146,73,0
31,132,65,0
36,162,59,0
23,178,67,1
36,164,77,0
24,141,60,0
19,178,71,1
29,167,66,1
22,185,71,1
26,152,74,0
22,195,61,1
28,171,74,1
37,179,55,0
32,142,64,0
20,183,69,1
33,155,67,0
25,158,71,0
24,180,70,1
29,139,72,0
21,196,65,1
39,135,72,0
25,176,63,1
27,196,62,1
29,138,75,0
25,182,65,1
23,192,63,1
25,174,74,1
27,178,74,1
34,148,78,0
25,189,70,1
38,156,70,0
26,147,71,0
30,158,73,0
21,190,65,1
27,136,74,0
25,161,71,0
20,189,67,1
29,166,63,1
23,175,74,1
36,158,56,0
20,170,64,1
29,141,61,0
23,179,71,1
21,185,72,1
34,174,71,0
22,189,61,1
25,178,69,1
28,175,73,1
29,149,67,0
24,162,65,0
29,178,75,1
29,152,56,0
18,192,73,1
30,156,58,0
36,133,65,0
24,172,71,1
21,178,74,1
19,194,70,1
38,164,72,0
18,187,61,1
34,153,59,0
17,172,71,1
35,153,63,0
33,146,56,0
25,142,56,0
28,171,61,1
28,177,66,1
28,176,67,1
38,169,68,0
29,197,69,1
20,183,61,1
34,171,70,0
26,199,61,1
32,160,73,0
39,138,72,0
26,178,76,0
27,186,61,1
24,160,65,0
35,135,79,0
19,185,73,1
35,156,75,0
28,193,63,1
28,192,71,1
32,134,57,0
34,148,61,0
37,170,65,0
25,194,73,1
32,175,60,0
31,161,78,0
25,186,68,1
30,141,56,0
26,153,60,0
26,176,74,1
31,157,67,0
22,189,65,1
20,182,73,1
32,174,74,0
26,137,71,0
27,159,69,0
23,184,66,1
23,190,70,1
30,135,55,0
16,182,70,1
32,161,65,0
33,160,62,0
18,183,74,1
20,189,73,1
28,176,71,1
24,178,67,1
20,184,62,1
28,133,60,0
23,194,66,1
33,147,60,0
26,186,71,1
24,171,71,1
16,187,66,1
27,193,72,1
29,137,73,0
33,156,74,0
39,162,75,0
33,171,62,0
19,189,71,1
23,175,65,1
26,154,55,0
33,173,62,0
21,183,72,1
36,139,74,0
32,161,78,0
30,155,59,0
16,167,69,1
27,193,64,1
22,188,64,1
16,189,61,1
29,182,68,1
23,185,63,1
23,138,73,0
39,152,77,0
33,160,66,0
33,148,70,0
28,191,71,1
32,132,55,0
25,135,75,0
23,172,74,1
23,180,65,1
27,178,63,1
27,177,71,1
30,173,60,0
23,177,66,1
38,158,78,0
35,132,71,0
27,173,64,1
29,182,70,1
39,155,76,0
20,191,70,1
26,188,64,1
16,199,61,1
28,155,75,0
20,168,69,1
20,183,65,1
21,189,69,1
20,189,71,1
27,143,67,0
17,173,66,1
25,193,61,1
27,171,70,1
23,156,68,0
29,170,68,1
18,194,70,1
32,149,71,0
37,159,71,0
23,164,63,0
33,147,69,0
17,172,64,1
16,193,67,1
34,134,62,0
23,167,58,0
18,171,66,1
26,150,77,0
32,140,66,0
34,162,63,0
21,195,68,1
27,175,60,1
22,170,65,1
29,164,75,0
28,198,74,1
27,132,72,0
31,136,68,0
30,151,75,0
26,163,66,0
28,190,68,1
28,166,64,1
29,188,68,1
25,177,72,1
29,185,62,1
35,141,69,0
27,140,63,0
24,166,61,1
34,152,77,0
22,172,67,1
17,168,67,1
29,168,68,1
25,139,58,0
26,172,66,1
23,149,68,0
26,199,63,1
32,169,78,0
24,173,65,1
29,184,66,1
25,179,65,1
30,166,79,0
29,176,73,1
28,197,61,1
27,166,70,1
24,155,70,0
20,170,61,1
26,148,55,0
19,172,61,1
17,187,67,1
17,188,62,1
20,196,64,1
26,188,70,1
16,170,65,1
17,176,66,1
26,187,71,1
26,195,68,1
27,178,65,1
21,175,72,1
27,175,68,1
20,187,71,1
19,174,72,1
27,185,64,1
30,174,57,0
37,152,63,0
23,195,72,1
18,185,64,1
17,190,71,1
32,137,68,0
30,158,76,0
24,186,68,1
26,168,67,1
28,163,69,0
23,192,67,1
22,184,66,1
19,194,74,1
28,183,64,1
24,166,66,1
18,184,72,1
27,168,67,1
23,164,79,0
29,175,66,1
18,198,63,1
28,151,60,0
38,149,76,0
26,174,66,1
35,137,60,0
27,138,73,0
16,183,72,1
28,177,71,1
18,168,72,1
25,174,75,1
19,184,68,1
37,175,57,0
18,167,67,1
33,157,74,0
23,150,70,0
26,135,69,0
22,172,65,1
37,178,77,0
18,171,68,1
19,178,65,1
23,196,68,1
21,199,72,1
31,147,56,0
23,147,61,0
29,179,57,0
34,162,58,0
30,150,74,0
29,193,72,1
19,177,71,1
17,174,67,1
24,156,79,0
37,173,76,0
21,184,72,1
31,149,77,0
27,181,74,1
18,181,70,1
35,176,73,0
28,193,65,1
23,167,55,0
25,142,71,0
24,173,68,1
36,171,58,0
24,171,64,1
36,159,71,0
24,162,55,0
32,165,56,0
26,158,73,0
35,154,78,0
23,177,65,1
33,160,61,0
24,160,66,0
26,162,76,0
23,196,67,1
30,138,75,0
17,175,69,1
33,136,57,0
25,196,72,1
32,142,66,0
28,194,61,1
33,147,77,0
37,170,61,0
26,170,64,1
38,167,56,0
29,156,58,0
21,198,62,1
25,182,62,1
34,160,58,0
24,162,68,0
27,183,69,1
34,167,58,0
35,158,76,0
32,165,62,0
28,170,73,1
25,151,66,0
16,182,61,1
29,162,56,0
29,167,61,1
36,135,79,0
26,191,73,1
17,180,72,1
24,177,78,0
19,173,63,1
38,157,79,0
35,171,69,0
28,182,66,1
18,173,67,1
27,146,79,0
19,199,64,1
32,175,58,0
17,199,61,1
17,184,71,1
34,138,73,0
21,178,66,1
22,188,71,1
26,192,73,1
36,162,55,0
20,194,61,1
20,198,70,1
17,187,70,1
25,180,63,1
26,146,74,0
20,183,73,1
27,187,70,1
21,169,73,1
27,193,73,1
23,169,73,1
30,167,70,0
39,157,79,0
16,168,73,1
16,198,62,1
24,173,70,1
29,187,67,1
24,192,63,1
19,168,64,1
29,175,67,1
26,167,57,0
17,198,63,1
35,150,67,0
39,134,66,0
21,194,69,1
23,181,67,1
17,182,63,1
31,172,77,0
21,184,64,1
29,173,73,1
19,171,70,1
39,142,58,0
19,198,74,1
34,158,63,0
26,151,75,0
38,161,60,0
28,193,70,1
27,162,63,0
18,174,68,1
26,183,71,1
24,178,59,0
22,168,66,1
17,197,71,1
34,136,73,0
28,165,59,0
29,182,67,1
20,172,66,1
30,157,67,0
38,168,56,0
25,194,65,1
39,148,60,0
34,178,66,0
20,188,67,1
24,143,78,0
34,149,78,0
27,170,68,1
23,199,65,1
24,182,62,1
18,178,62,1
25,176,64,1
32,137,70,0
38,136,59,0
26,173,62,1
18,189,70,1
26,166,63,1
33,141,62,0
24,171,75,1
28,164,61,0
23,171,57,0
28,172,69,1
27,137,61,0
22,198,74,1
28,173,70,1
26,198,71,1
30,137,73,0
17,196,66,1
35,146,62,0
30,168,68,0
16,194,64,1
25,171,72,1
28,196,68,1
27,177,61,1
23,183,73,1
25,134,56,0
35,179,66,0
21,170,71,1
17,186,74,1
28,183,65,1
26,150,74,0
18,179,71,1
24,178,74,1
18,195,63,1
35,177,77,0
24,137,71,0
25,177,67,1
17,186,70,1
20,166,73,1
26,135,63,0
24,173,70,1
27,193,61,1
28,192,69,1
32,141,71,0
26,199,61,1
16,199,66,1
25,144,77,0
27,176,72,1
17,181,64,1
20,186,66,1
21,181,74,1
28,166,62,1
29,154,78,0
38,133,67,0
26,181,65,1
23,149,57,0
18,178,64,1
39,169,63,0
24,183,67,1
29,185,63,1
26,172,78,0
24,175,66,1
29,183,72,1
20,189,69,1
22,188,66,1
28,193,62,1
35,157,57,0
23,182,67,1
32,140,59,0
28,133,70,0
22,198,63,1
24,188,62,1
16,184,74,1
16,171,63,1
38,151,66,0
30,158,75,0
18,197,63,1
29,163,65,0
28,198,61,1
24,177,61,1
26,155,69,0
22,169,71,1
29,153,73,0
25,182,70,1
29,196,69,1
35,146,56,0
25,193,66,1
22,199,71,1
28,183,66,1
27,179,62,1
18,178,66,1
38,149,71,0
27,166,63,1
25,171,66,1
21,180,62,1
33,178,74,0
24,170,64,1
26,185,67,1
22,199,66,1
24,168,55,0
33,152,78,0
25,135,76,0
20,186,61,1
29,177,67,1
24,178,73,1
32,133,62,0
30,149,69,0
39,164,64,0
28,136,78,0
27,164,70,0
26,161,79,0
36,138,71,0
25,198,65,1
24,195,64,1
26,171,77,0
25,188,63,1
32,145,62,0
21,182,69,1
18,170,73,1
28,139,66,0
35,154,56,0
22,192,69,1
31,146,68,0
39,161,68,0
28,191,62,1
29,178,73,1
21,167,66,1
38,134,79,0
25,183,70,1
26,173,64,1
17,187,69,1
21,199,63,1
29,161,60,0
36,146,70,0
32,156,62,0
24,190,69,1
27,173,75,1
38,137,55,0
28,171,64,1
29,179,65,1
33,166,77,0
21,189,69,1
28,176,70,1
34,154,63,0
18,187,64,1
17,168,71,1
38,174,58,0
33,136,62,0
19,196,73,1
16,180,71,1
35,153,65,0
28,168,59,0
27,193,70,1
22,182,62,1
17,169,67,1
36,177,62,0
38,146,76,0
23,147,73,0
27,186,71,1
16,198,73,1
24,167,73,1
31,164,55,0
37,168,66,0
39,168,64,0
27,190,61,1
25,139,71,0
23,138,70,0
28,175,60,1
37,135,65,0
27,166,61,1
17,190,72,1
28,181,61,1
28,146,56,0
19,167,68,1
32,178,58,0
37,167,64,0
31,178,79,0
25,158,77,0
16,195,64,1
21,195,70,1
34,145,61,0
26,177,64,1
25,166,55,0
24,142,62,0
